"","country","cdm_name","data_type","min_data","max_data","shortage_year","inc_before","inc_after","diff","outcome_cohort_name"
"1","Italy","AOUPR","secondary",2011,2023,2023,2.95919289583513,0,-1,"amoxicillin"
"2","Italy","AOUPR","secondary",2011,2023,2023,2.95919289583513,0,-1,"amoxicillin"
"3","Italy","AOUPR","secondary",2011,2023,2023,14.3200414506725,0,-1,"amoxicillin plus clavulanate"
"4","Italy","AOUPR","secondary",2011,2023,2023,14.3200414506725,0,-1,"amoxicillin plus clavulanate"
"5","France","AP-HM","secondary",2014,2023,2022,1.0484105765627e-05,0,-1,"sarilumab"
"6","France","AP-HM","secondary",2014,2023,2023,4.50594219044565e-06,0,-1,"tenecteplase"
"7","Belgium","AZGR","secondary",2018,2023,2023,304.485520825333,0,-1,"alteplase"
"8","Belgium","AZGR","secondary",2018,2023,2023,10387.1849855946,0,-1,"amoxicillin"
"9","Belgium","AZGR","secondary",2018,2023,2023,10387.1849855946,0,-1,"amoxicillin"
"10","Belgium","AZGR","secondary",2018,2023,2023,100.063382358197,0,-1,"amoxicillin plus clavulanate"
"11","Belgium","AZGR","secondary",2018,2023,2023,100.063382358197,0,-1,"amoxicillin plus clavulanate"
"12","Belgium","AZGR","secondary",2018,2023,2022,4.38231075016521e-05,0,-1,"sarilumab"
"13","Spain","BARDENA","EHR P+S",2012,2023,2022,1.66061982060806e-06,0,-1,"sarilumab"
"14","Spain","BARDENA","EHR P+S",2012,2023,2022,8.91356804195259,0,-1,"varenicline"
"15","UK","CPRD Aurum","primary",2011,2023,2023,1.30286581755713e-07,0,-1,"tenecteplase"
"16","UK","CPRD GOLD","primary",2011,2023,2023,6.65981719586754e-07,0,-1,"alteplase"
"17","UK","CPRD GOLD","primary",2011,2023,2017,3.72955321081867e-07,0,-1,"belatacept"
"18","UK","CPRD GOLD","primary",2011,2023,2017,3.72955323557218e-07,0,-1,"cytarabine liposomal"
"19","Spain","HULAFE","EHR P+S",2011,2023,2023,6.79636254026847e-06,0,-1,"alteplase"
"20","Finland","HUS","secondary",2011,2023,2017,5.40494406992732e-06,0,-1,"belatacept"
"21","Spain","IMASIS","secondary",2011,2023,2023,1.32256557951836e-05,0,-1,"tenecteplase"
"22","Spain","IMASIS","secondary",2011,2023,2022,42.336597514289,0,-1,"varenicline"
"23","Italy","INT","secondary",2011,2023,2022,32.7423883280065,0,-1,"varenicline"
"24","Germany","InGef RDB","claims P+S",2013,2023,2022,9.25905878423211e-07,0,-1,"varenicline"
"25","Sweden","MEB KI","EHR P+S",2011,2023,2014,7.09340876631557e-07,0,-1,"imiglucerase"
"26","Belgium","OLVA MS","secondary",2015,2023,2018,0.000210400677199277,0,-1,"c1 esterase inhibitor"
"27","Belgium","OLVA MS","secondary",2015,2023,2022,0.000219604000624028,0,-1,"varenicline"
"28","Greece","PGH","secondary",2011,2023,2023,4963.10219101961,0,-1,"alteplase"
"29","Sweden","SCIFI-PEARL","EHR P+S",2011,2023,2023,3.84079530432684e-07,0,-1,"alteplase"
"30","Hungary","SUCD","secondary",2011,2022,2022,2.28535799179922e-05,0,-1,"varenicline"
"31","Finland","TAUH","secondary",2011,2023,2018,3.5953968466396e-06,0,-1,"arsenic trioxide"
"32","Finland","TAUH","secondary",2011,2023,2023,1.29581353414965e-05,0,-1,"tenecteplase"
"33","Belgium","THIN Belgium","primary",2011,2023,2022,7.28350283060149e-06,0,-1,"sarilumab"
"34","Spain","THIN Spain","primary",2010,2023,2023,5081.27775872388,0,-1,"amoxicillin"
"35","Spain","THIN Spain","primary",2010,2023,2023,5081.27775872388,0,-1,"amoxicillin"
"36","Spain","THIN Spain","primary",2010,2023,2023,10042.26948655,0,-1,"amoxicillin plus clavulanate"
"37","Spain","THIN Spain","primary",2010,2023,2023,10042.26948655,0,-1,"amoxicillin plus clavulanate"
"38","Spain","THIN Spain","primary",2010,2023,2022,321.024258218892,0,-1,"varenicline"
"39","UK","THIN UK","primary",2011,2023,2023,2.63913601146289e-06,0,-1,"alteplase"
"40","UK","THIN UK","primary",2011,2023,2018,9.31922867214751e-07,0,-1,"arsenic trioxide"
"41","Portugal","ULSEDV","secondary",2011,2023,2022,46.562446722739,0,-1,"varenicline"
"42","Portugal","ULSGE","secondary",2011,2023,2022,46.0960966321415,0,-1,"varenicline"
"43","Portugal","ULSRA","secondary",2011,2023,2022,14.9884626147324,0,-1,"varenicline"
"44","Sweden","MEB KI","EHR P+S",2011,2023,2022,227.133878916228,1.61784514481187e-06,-0.99999999287713,"varenicline"
"45","Belgium","AZGR","secondary",2018,2023,2022,152.102165036807,0.000266885647263761,-0.999998245352739,"varenicline"
"46","UK","CPRD Aurum","primary",2011,2023,2023,0.137210526020963,9.39356854051126e-07,-0.999993153900934,"alteplase"
"47","Sweden","MEB KI","EHR P+S",2011,2023,2023,0.41795183533569,4.64834136299042e-06,-0.999988878284601,"alteplase"
"48","UK","OPCRD","primary",2011,2023,2023,0.0636849995061537,8.76587939552492e-07,-0.999986235566517,"alteplase"
"49","Germany","InGef RDB","claims P+S",2013,2023,2022,0.174914370100673,5.01696185062341e-06,-0.999971317611882,"verteporfin"
"50","Sweden","SCIFI-PEARL","EHR P+S",2011,2023,2022,177.004172653832,0.223804518624682,-0.998735597498809,"varenicline"
"51","Spain","SIDIAP","primary",2011,2023,2022,313.325696818766,4.69634709290733,-0.98501129291153,"varenicline"
"52","UK","OPCRD","primary",2011,2023,2022,165.261281920328,2.97198863422938,-0.982016425143899,"varenicline"
"53","Spain","HULAFE","EHR P+S",2011,2023,2022,185.087770688029,3.56188938202418,-0.980755674084876,"varenicline"
"54","UK","CPRD Aurum","primary",2011,2023,2022,124.343493111892,3.64164489781683,-0.970713024005688,"varenicline"
"55","UK","THIN UK","primary",2011,2023,2023,3647.6518591091,112.613534648726,-0.969127115470874,"amoxicillin"
"56","UK","THIN UK","primary",2011,2023,2023,3647.6518591091,112.613534648726,-0.969127115470874,"amoxicillin"
"57","UK","THIN UK","primary",2011,2023,2022,158.065009485716,5.4683527108455,-0.965404407157299,"varenicline"
"58","UK","THIN UK","primary",2011,2023,2023,963.58582332056,36.7344395704892,-0.961877355725408,"amoxicillin plus clavulanate"
"59","UK","THIN UK","primary",2011,2023,2023,963.58582332056,36.7344395704892,-0.961877355725408,"amoxicillin plus clavulanate"
"60","UK","CPRD GOLD","primary",2011,2023,2022,144.353916816519,5.61833428009193,-0.961079446931578,"varenicline"
"61","Netherlands","IPCI","primary",2011,2023,2022,269.945234093547,13.8047751480027,-0.948860830255596,"varenicline"
"62","Belgium","THIN Belgium","primary",2011,2023,2022,242.753263174453,19.6429576772633,-0.919082621504672,"varenicline"
"63","USA","Clinformatics","claims P+S",2016,2022,2017,0.289154350087807,0.0313656894745735,-0.891526136594353,"cytarabine liposomal"
"64","Sweden","MEB KI","EHR P+S",2011,2023,2014,0.530377265401846,0.0941875377036178,-0.822414074192536,"agalsidase beta"
"65","USA","P+","claims P+S",2015,2023,2017,0.283782436964085,0.0520806093447207,-0.816476981796756,"cytarabine liposomal"
"66","USA","MarketScan","claims P+S",2016,2022,2017,0.28126543067891,0.065859027797096,-0.765847414528947,"cytarabine liposomal"
"67","Finland","TAUH","secondary",2011,2023,2022,34.1425260045695,11.4866978869324,-0.663566255015958,"varenicline"
"68","Finland","TAUH","secondary",2011,2023,2015,6.25279826461734,2.11061257370056,-0.66245311548849,"tigecycline"
"69","Finland","TAUH","secondary",2011,2023,2015,6.25279826461734,2.11061257370056,-0.66245311548849,"tigecycline"
"70","France","AP-HM","secondary",2014,2023,2017,1.46400296907855e-05,5.19912250644884e-06,-0.644869401479344,"ganirelix"
"71","France","THIN France","primary",2011,2023,2022,57.3110799765994,22.5518852487899,-0.60650043136514,"varenicline"
"72","UK","OPCRD","primary",2011,2023,2017,3.15403416203014e-07,1.24323443901742e-07,-0.60582721202449,"cytarabine liposomal"
"73","Finland","HUS","secondary",2011,2023,2022,417.081875556896,165.343006149167,-0.60357182644679,"varenicline"
"74","UK","OPCRD","primary",2011,2023,2018,0.068968148909012,0.0277250715904649,-0.598001801860133,"c1 esterase inhibitor"
"75","UK","THIN UK","primary",2011,2023,2015,9.92814558974482e-07,4.08111215757833e-07,-0.588935101657466,"tigecycline"
"76","UK","THIN UK","primary",2011,2023,2015,9.92814558974482e-07,4.08111215757833e-07,-0.588935101657466,"tigecycline"
"77","Germany","CHA CAN","secondary",2011,2023,2018,0.000221747635583934,0.000100866192745146,-0.545130695623733,"arsenic trioxide"
"78","UK","CPRD Aurum","primary",2011,2023,2018,0.14338838415062,0.0674986062354963,-0.529260290954997,"c1 esterase inhibitor"
"79","UK","CPRD Aurum","primary",2011,2023,2017,4.22706494511957e-07,2.00041621605235e-07,-0.526759999663133,"cytarabine liposomal"
"80","Italy","POLIMI","secondary",2011,2023,2021,4.97971659567848,2.48573431055963,-0.500828157024676,"ceftozolane plus tazobactam"
"81","Italy","POLIMI","secondary",2011,2023,2021,4.97971659567848,2.48573431055963,-0.500828157024676,"ceftozolane plus tazobactam"
"82","USA","MarketScan","claims P+S",2016,2022,2022,348.308109967668,184.255030175719,-0.470999885151045,"varenicline"
"83","USA","P+","claims P+S",2015,2023,2018,2.02167232312819,1.13832152093701,-0.436940641708122,"c1 esterase inhibitor"
"84","USA","P+","claims P+S",2015,2023,2022,311.109569734032,182.586167451141,-0.413112982647128,"varenicline"
"85","Estonia","MAITT","claims P+S",2012,2019,2017,71.8301195901696,43.8067962019066,-0.390133324963838,"ganirelix"
"86","Finland","HUS","secondary",2011,2023,2022,13.5858877718002,8.38544441590849,-0.382782740682291,"sarilumab"
"87","USA","Clinformatics","claims P+S",2016,2022,2022,355.465016445217,219.523549284941,-0.382432759543377,"varenicline"
"88","USA","MarketScan","claims P+S",2016,2022,2021,0.433203281866953,0.268803336110683,-0.379498384794695,"ceftozolane plus tazobactam"
"89","USA","MarketScan","claims P+S",2016,2022,2021,0.433203281866953,0.268803336110683,-0.379498384794695,"ceftozolane plus tazobactam"
"90","Germany","UM DRESDEN","secondary",2018,2023,2023,26.2467263114538,16.9657120439388,-0.353606547246422,"alteplase"
"91","Germany","InGef RDB","claims P+S",2013,2023,2023,635.524183458844,416.811513991893,-0.344145313678869,"amoxicillin plus clavulanate"
"92","Germany","InGef RDB","claims P+S",2013,2023,2023,635.524183458844,416.811513991893,-0.344145313678869,"amoxicillin plus clavulanate"
"93","UK","CPRD Aurum","primary",2011,2023,2017,1.43988407527016e-07,9.88504468587968e-08,-0.313483296631016,"belatacept"
"94","UK","CPRD GOLD","primary",2011,2023,2015,9.51450657116122e-07,6.53647905210318e-07,-0.312998629701359,"tigecycline"
"95","UK","CPRD GOLD","primary",2011,2023,2015,9.51450657116122e-07,6.53647905210318e-07,-0.312998629701359,"tigecycline"
"96","Germany","UM DRESDEN","secondary",2018,2023,2023,171.85289339779,119.591197137486,-0.304107165302905,"amoxicillin"
"97","Germany","UM DRESDEN","secondary",2018,2023,2023,171.85289339779,119.591197137486,-0.304107165302905,"amoxicillin"
"98","USA","P+","claims P+S",2015,2023,2017,17.2886677787494,12.078313319075,-0.301373970878125,"ganirelix"
"99","Germany","InGef RDB","claims P+S",2013,2023,2015,1.01798926182432e-06,7.14922950108297e-07,-0.297710715703334,"tigecycline"
"100","Germany","InGef RDB","claims P+S",2013,2023,2015,1.01798926182432e-06,7.14922950108297e-07,-0.297710715703334,"tigecycline"
"101","UK","CPRD Aurum","primary",2011,2023,2017,4.22706508069266e-07,2.99365624003466e-07,-0.291788467201904,"ganirelix"
"102","France","THIN France","primary",2011,2023,2022,0.996416880918216,0.715655547639055,-0.281770952154518,"sarilumab"
"103","France","THIN France","primary",2011,2023,2023,7125.68034678114,5146.96370478346,-0.277688100742762,"amoxicillin"
"104","France","THIN France","primary",2011,2023,2023,7125.68034678114,5146.96370478346,-0.277688100742762,"amoxicillin"
"105","Sweden","MEB KI","EHR P+S",2011,2023,2018,1.74615824469611,1.28926048660391,-0.26165884992383,"c1 esterase inhibitor"
"106","France","AP-HM","secondary",2014,2023,2015,11.1276506810335,8.39439926940445,-0.24562699620754,"tigecycline"
"107","France","AP-HM","secondary",2014,2023,2015,11.1276506810335,8.39439926940445,-0.24562699620754,"tigecycline"
"108","France","THIN France","primary",2011,2023,2023,2810.11862450654,2155.57045442152,-0.232925458867403,"amoxicillin plus clavulanate"
"109","France","THIN France","primary",2011,2023,2023,2810.11862450654,2155.57045442152,-0.232925458867403,"amoxicillin plus clavulanate"
"110","Belgium","THIN Belgium","primary",2011,2023,2023,4791.79067747388,3699.54609469611,-0.227940796310739,"amoxicillin"
"111","Belgium","THIN Belgium","primary",2011,2023,2023,4791.79067747388,3699.54609469611,-0.227940796310739,"amoxicillin"
"112","USA","Clinformatics","claims P+S",2016,2022,2017,12.9717655655256,10.1615842379418,-0.216638306743089,"ganirelix"
"113","USA","Clinformatics","claims P+S",2016,2022,2018,1.36723843540203,1.07154393704944,-0.216271347188715,"c1 esterase inhibitor"
"114","USA","Clinformatics","claims P+S",2016,2022,2022,3.3318749452511,2.63662680205896,-0.208665737645128,"verteporfin"
"115","UK","CPRD Aurum","primary",2011,2023,2021,3.94956385399622e-07,3.13118931486674e-07,-0.20720630666635,"ceftozolane plus tazobactam"
"116","UK","CPRD Aurum","primary",2011,2023,2021,3.94956385399622e-07,3.13118931486674e-07,-0.20720630666635,"ceftozolane plus tazobactam"
"117","Netherlands","IPCI","primary",2011,2023,2017,4.47927197725739,3.60892924633119,-0.194304506478998,"ganirelix"
"118","USA","MarketScan","claims P+S",2016,2022,2018,1.54867248585387,1.25202067320152,-0.191552323271754,"c1 esterase inhibitor"
"119","Netherlands","IPCI","primary",2011,2023,2022,0.634754458212748,0.513363907440249,-0.191240170434238,"sarilumab"
"120","USA","P+","claims P+S",2015,2023,2022,2.42794840528569,1.96730386494581,-0.189725835745541,"sarilumab"
"121","Finland","TAUH","secondary",2011,2023,2018,1.25566735586799,1.0227952556755,-0.18545684022463,"c1 esterase inhibitor"
"122","Spain","IMASIS","secondary",2011,2023,2015,41.3338437308764,34.2587868329431,-0.171168617755438,"tigecycline"
"123","Spain","IMASIS","secondary",2011,2023,2015,41.3338437308764,34.2587868329431,-0.171168617755438,"tigecycline"
"124","Sweden","MEB KI","EHR P+S",2011,2023,2015,1.4414884388214e-06,1.20408457531809e-06,-0.164693560565372,"tigecycline"
"125","Sweden","MEB KI","EHR P+S",2011,2023,2015,1.4414884388214e-06,1.20408457531809e-06,-0.164693560565372,"tigecycline"
"126","Italy","INT","secondary",2011,2023,2023,2420.93648350735,2035.56511634768,-0.159182766580212,"amoxicillin"
"127","Italy","INT","secondary",2011,2023,2023,2420.93648350735,2035.56511634768,-0.159182766580212,"amoxicillin"
"128","Belgium","THIN Belgium","primary",2011,2023,2023,4775.38720958776,4025.16308159489,-0.157102261045264,"amoxicillin plus clavulanate"
"129","Belgium","THIN Belgium","primary",2011,2023,2023,4775.38720958776,4025.16308159489,-0.157102261045264,"amoxicillin plus clavulanate"
"130","USA","MarketScan","claims P+S",2016,2022,2017,19.8904860237742,16.7799488655765,-0.156383165020696,"ganirelix"
"131","Sweden","SCIFI-PEARL","EHR P+S",2011,2023,2023,1529.60437452418,1290.50179635086,-0.156316615038252,"amoxicillin"
"132","Sweden","SCIFI-PEARL","EHR P+S",2011,2023,2023,1529.60437452418,1290.50179635086,-0.156316615038252,"amoxicillin"
"133","UK","CPRD GOLD","primary",2011,2023,2022,1.17975113628808e-06,9.98972606702408e-07,-0.153234461086826,"sarilumab"
"134","UK","OPCRD","primary",2011,2023,2017,4.64273005025244e-07,4.00670415774011e-07,-0.136993942277075,"ganirelix"
"135","Spain","HULAFE","EHR P+S",2011,2023,2022,2.91229928524415,2.5158148759571,-0.136141368195204,"sarilumab"
"136","Germany","InGef RDB","claims P+S",2013,2023,2023,8.72080022454791,7.59736695001146,-0.128822269242464,"alteplase"
"137","Sweden","MEB KI","EHR P+S",2011,2023,2023,2780.67163844163,2439.24130847647,-0.122787000537938,"amoxicillin"
"138","Sweden","MEB KI","EHR P+S",2011,2023,2023,2780.67163844163,2439.24130847647,-0.122787000537938,"amoxicillin"
"139","Greece","PGH","secondary",2011,2023,2023,7201.60716091605,6349.52367707392,-0.118318517631242,"amoxicillin"
"140","Greece","PGH","secondary",2011,2023,2023,7201.60716091605,6349.52367707392,-0.118318517631242,"amoxicillin"
"141","Germany","InGef RDB","claims P+S",2013,2023,2018,3.03919997709229,2.74690239349017,-0.0961758310757084,"c1 esterase inhibitor"
"142","USA","P+","claims P+S",2015,2023,2023,62.2963680734363,57.8268512863969,-0.07174602509364,"alteplase"
"143","Finland","HUS","secondary",2011,2023,2014,1.75156393982175e-05,1.63520464140252e-05,-0.0664316590298539,"imiglucerase"
"144","UK","CPRD Aurum","primary",2011,2023,2015,4.37209585734746e-07,4.09553724890658e-07,-0.0632553853951118,"tigecycline"
"145","UK","CPRD Aurum","primary",2011,2023,2015,4.37209585734746e-07,4.09553724890658e-07,-0.0632553853951118,"tigecycline"
"146","USA","P+","claims P+S",2015,2023,2018,1.82324674676736,1.71837116622791,-0.0575213315067752,"arsenic trioxide"
"147","USA","P+","claims P+S",2015,2023,2022,1.4366754771626,1.37633859179725,-0.0419975744866989,"verteporfin"
"148","Spain","PSSJD","secondary",2017,2023,2018,5.12469602590171e-05,5.01835617855463e-05,-0.0207504692589772,"arsenic trioxide"
"149","USA","P+","claims P+S",2015,2023,2021,0.607889173786947,0.596779219815533,-0.0182762820107532,"ceftozolane plus tazobactam"
"150","USA","P+","claims P+S",2015,2023,2021,0.607889173786947,0.596779219815533,-0.0182762820107532,"ceftozolane plus tazobactam"
"151","UK","CPRD GOLD","primary",2011,2023,2018,1.27712890490395e-06,1.25873908751553e-06,-0.0143993431812639,"c1 esterase inhibitor"
"152","Romania","THIN Romania","primary",2011,2023,2023,13129.1515159086,12980.8472337039,-0.0112958009529404,"amoxicillin"
"153","Romania","THIN Romania","primary",2011,2023,2023,13129.1515159086,12980.8472337039,-0.0112958009529404,"amoxicillin"
"154","France","AP-HM","secondary",2014,2023,2022,1.04841418407792e-05,1.05872956220772e-05,0.00983902954238447,"varenicline"
"155","UK","CPRD Aurum","primary",2011,2023,2023,1446.44705297673,1464.27780538258,0.0123272762519386,"amoxicillin plus clavulanate"
"156","UK","CPRD Aurum","primary",2011,2023,2023,1446.44705297673,1464.27780538258,0.0123272762519386,"amoxicillin plus clavulanate"
"157","Greece","PGH","secondary",2011,2023,2018,0.00105844101274186,0.00107246044889186,0.0132453636822742,"c1 esterase inhibitor"
"158","Spain","ATENEA","secondary",2011,2023,2023,7.79264207167966,8.05657869754744,0.033869979326651,"alteplase"
"159","Finland","HUS","secondary",2011,2023,2015,9.52368928040876,9.90771210904224,0.0403229061056678,"tigecycline"
"160","Finland","HUS","secondary",2011,2023,2015,9.52368928040876,9.90771210904224,0.0403229061056678,"tigecycline"
"161","USA","MarketScan","claims P+S",2016,2022,2018,0.759897704747202,0.792131480327468,0.0424185721037142,"arsenic trioxide"
"162","Spain","BARDENA","EHR P+S",2012,2023,2023,3248.14333119415,3461.21735257538,0.0655987127584359,"amoxicillin plus clavulanate"
"163","Spain","BARDENA","EHR P+S",2012,2023,2023,3248.14333119415,3461.21735257538,0.0655987127584359,"amoxicillin plus clavulanate"
"164","Netherlands","Viecuri","secondary",2018,2023,2023,3413.22255079473,3652.55822918916,0.070120150336725,"amoxicillin plus clavulanate"
"165","Netherlands","Viecuri","secondary",2018,2023,2023,3413.22255079473,3652.55822918916,0.070120150336725,"amoxicillin plus clavulanate"
"166","UK","OPCRD","primary",2011,2023,2022,0.225106784318674,0.241261012792502,0.0717625127235573,"sarilumab"
"167","Spain","BARDENA","EHR P+S",2012,2023,2022,0.831573644849193,0.918502236522687,0.104535048954394,"verteporfin"
"168","Germany","InGef RDB","claims P+S",2013,2023,2018,0.0696350297406118,0.0772376996927696,0.109178813888319,"arsenic trioxide"
"169","UK","CPRD GOLD","primary",2011,2023,2014,3.1419319676099e-07,3.54244379084577e-07,0.127473104880925,"agalsidase beta"
"170","Spain","SIDIAP","primary",2011,2023,2023,6111.48254806491,6924.37909427949,0.133011350326439,"amoxicillin plus clavulanate"
"171","Spain","SIDIAP","primary",2011,2023,2023,6111.48254806491,6924.37909427949,0.133011350326439,"amoxicillin plus clavulanate"
"172","Netherlands","IPCI","primary",2011,2023,2018,1.76724673824936,2.00610564779882,0.135158777990486,"c1 esterase inhibitor"
"173","UK","CPRD GOLD","primary",2011,2023,2023,1611.20778813256,1849.2683205241,0.147752843640025,"amoxicillin plus clavulanate"
"174","UK","CPRD GOLD","primary",2011,2023,2023,1611.20778813256,1849.2683205241,0.147752843640025,"amoxicillin plus clavulanate"
"175","USA","Clinformatics","claims P+S",2016,2022,2022,2.44422148168483,2.83018339166509,0.157907911730739,"sarilumab"
"176","Finland","HUS","secondary",2011,2023,2018,7.74081641155318,8.97300030292764,0.159180094949083,"arsenic trioxide"
"177","Germany","InGef RDB","claims P+S",2013,2023,2017,0.48070807740814,0.570138445938229,0.186038830494124,"belatacept"
"178","USA","MarketScan","claims P+S",2016,2022,2022,1.57616126429839,1.87038916191583,0.186673727036691,"verteporfin"
"179","Netherlands","IPCI","primary",2011,2023,2023,2733.94366248116,3272.74343781112,0.197077863280102,"amoxicillin plus clavulanate"
"180","Netherlands","IPCI","primary",2011,2023,2023,2733.94366248116,3272.74343781112,0.197077863280102,"amoxicillin plus clavulanate"
"181","Spain","PRISIB","EHR P+S",2011,2023,2023,6083.61728404816,7285.41312528417,0.197546259917967,"amoxicillin plus clavulanate"
"182","Spain","PRISIB","EHR P+S",2011,2023,2023,6083.61728404816,7285.41312528417,0.197546259917967,"amoxicillin plus clavulanate"
"183","USA","Clinformatics","claims P+S",2016,2022,2018,0.763723819169931,0.919189169470733,0.203562264785421,"arsenic trioxide"
"184","Portugal","ULSGE","secondary",2011,2023,2023,379.020933104237,457.822035931715,0.20790699390159,"amoxicillin"
"185","Portugal","ULSGE","secondary",2011,2023,2023,379.020933104237,457.822035931715,0.20790699390159,"amoxicillin"
"186","Netherlands","Viecuri","secondary",2018,2023,2023,1440.22731864411,1748.50256837268,0.214046245157186,"amoxicillin"
"187","Netherlands","Viecuri","secondary",2018,2023,2023,1440.22731864411,1748.50256837268,0.214046245157186,"amoxicillin"
"188","Finland","HUS","secondary",2011,2023,2023,170.969441297831,209.15034728117,0.22332006055297,"alteplase"
"189","USA","MarketScan","claims P+S",2016,2022,2022,3.58459803161693,4.40948713209582,0.230120390962443,"sarilumab"
"190","Spain","ATENEA","secondary",2011,2023,2023,762.546364028594,938.634945851624,0.230921803748089,"amoxicillin"
"191","Spain","ATENEA","secondary",2011,2023,2023,762.546364028594,938.634945851624,0.230921803748089,"amoxicillin"
"192","Finland","HUS","secondary",2011,2023,2018,1.26039915943157,1.5762416480813,0.250589256813037,"c1 esterase inhibitor"
"193","France","AP-HM","secondary",2014,2023,2021,1.5779528406959,2.04500187203953,0.295984150665529,"ceftozolane plus tazobactam"
"194","France","AP-HM","secondary",2014,2023,2021,1.5779528406959,2.04500187203953,0.295984150665529,"ceftozolane plus tazobactam"
"195","Spain","BARDENA","EHR P+S",2012,2023,2023,2.79852562622903,3.6330473668808,0.298200499874028,"alteplase"
"196","UK","THIN UK","primary",2011,2023,2014,9.57659889236148e-07,1.25311471366805e-06,0.308517489092669,"imiglucerase"
"197","USA","MarketScan","claims P+S",2016,2022,2017,3.92515131253653,5.15697402336922,0.313828082728524,"belatacept"
"198","UK","CPRD GOLD","primary",2011,2023,2014,9.1627097842465e-07,1.20917068640313e-06,0.319664940694797,"imiglucerase"
"199","Serbia","CHCZ","secondary",2011,2023,2023,4.66454107124606e-05,6.19229495973469e-05,0.327525015891974,"alteplase"
"200","Sweden","SCIFI-PEARL","EHR P+S",2011,2023,2022,4.99848548600493,6.64408358868241,0.329219341995677,"sarilumab"
"201","Netherlands","IPCI","primary",2011,2023,2023,4591.25264435989,6174.26897914467,0.3447896374706,"amoxicillin"
"202","Netherlands","IPCI","primary",2011,2023,2023,4591.25264435989,6174.26897914467,0.3447896374706,"amoxicillin"
"203","UK","CPRD Aurum","primary",2011,2023,2022,0.309451267746708,0.432062774825928,0.396222345353518,"sarilumab"
"204","Germany","InGef RDB","claims P+S",2013,2023,2022,8.75079879154926,12.3440455659282,0.410619288589863,"sarilumab"
"205","UK","CPRD Aurum","primary",2011,2023,2023,7317.02204861213,10358.6658706871,0.415694226676808,"amoxicillin"
"206","UK","CPRD Aurum","primary",2011,2023,2023,7317.02204861213,10358.6658706871,0.415694226676808,"amoxicillin"
"207","Spain","PRISIB","EHR P+S",2011,2023,2023,3171.7851173769,4493.60442142779,0.416743018563642,"amoxicillin"
"208","Spain","PRISIB","EHR P+S",2011,2023,2023,3171.7851173769,4493.60442142779,0.416743018563642,"amoxicillin"
"209","France","AP-HM","secondary",2014,2023,2023,36.3466030931085,51.5245554244367,0.417589294175501,"alteplase"
"210","Hungary","SUCD","secondary",2011,2022,2018,31.7021347021484,45.0239561175157,0.420218434516478,"c1 esterase inhibitor"
"211","Germany","InGef RDB","claims P+S",2013,2023,2017,20.0073007670035,28.6431445319406,0.431634625055449,"ganirelix"
"212","Spain","HULAFE","EHR P+S",2011,2023,2018,2.67570468061734e-06,3.89422376287024e-06,0.455401184996155,"c1 esterase inhibitor"
"213","UK","CPRD GOLD","primary",2011,2023,2023,8495.81376836381,12390.0304331053,0.458368882712864,"amoxicillin"
"214","UK","CPRD GOLD","primary",2011,2023,2023,8495.81376836381,12390.0304331053,0.458368882712864,"amoxicillin"
"215","Finland","HUS","secondary",2011,2023,2023,4426.96559873789,6480.31780939151,0.463828363888579,"amoxicillin"
"216","Finland","HUS","secondary",2011,2023,2023,4426.96559873789,6480.31780939151,0.463828363888579,"amoxicillin"
"217","USA","P+","claims P+S",2015,2023,2023,4653.59422157095,6859.80275506635,0.474087002100203,"amoxicillin plus clavulanate"
"218","USA","P+","claims P+S",2015,2023,2023,4653.59422157095,6859.80275506635,0.474087002100203,"amoxicillin plus clavulanate"
"219","UK","OPCRD","primary",2011,2023,2023,7257.04799731647,10911.9698740572,0.503637550432664,"amoxicillin"
"220","UK","OPCRD","primary",2011,2023,2023,7257.04799731647,10911.9698740572,0.503637550432664,"amoxicillin"
"221","USA","P+","claims P+S",2015,2023,2023,6662.8656802154,10033.5141431713,0.505885699146637,"amoxicillin"
"222","USA","P+","claims P+S",2015,2023,2023,6662.8656802154,10033.5141431713,0.505885699146637,"amoxicillin"
"223","Spain","BARDENA","EHR P+S",2012,2023,2023,1915.48313722137,2891.17346625233,0.509370356789625,"amoxicillin"
"224","Spain","BARDENA","EHR P+S",2012,2023,2023,1915.48313722137,2891.17346625233,0.509370356789625,"amoxicillin"
"225","Portugal","ULSGE","secondary",2011,2023,2017,85.5545883517988,129.777606347353,0.51689826165384,"ganirelix"
"226","Spain","IMASIS","secondary",2011,2023,2023,31.2111926382424,47.3498634677544,0.517079594380437,"alteplase"
"227","Finland","TAUH","secondary",2011,2023,2014,3.5559312375679e-06,5.39932458225767e-06,0.518399603798459,"agalsidase beta"
"228","USA","Clinformatics","claims P+S",2016,2022,2017,2.96553257593024,4.51986387306657,0.524132262026748,"belatacept"
"229","UK","THIN UK","primary",2011,2023,2018,1.32045621244698e-06,2.02448935894165e-06,0.533174171061688,"c1 esterase inhibitor"
"230","Italy","THIN Italy","primary",2011,2023,2023,2947.10476726952,4558.46901569148,0.546761780007868,"amoxicillin"
"231","Italy","THIN Italy","primary",2011,2023,2023,2947.10476726952,4558.46901569148,0.546761780007868,"amoxicillin"
"232","Spain","IMASIS","secondary",2011,2023,2023,4614.51344694615,7353.93361108353,0.593653089460667,"amoxicillin plus clavulanate"
"233","Spain","IMASIS","secondary",2011,2023,2023,4614.51344694615,7353.93361108353,0.593653089460667,"amoxicillin plus clavulanate"
"234","Finland","HUS","secondary",2011,2023,2023,3.99939638047818,6.60425210132853,0.651312216404745,"tenecteplase"
"235","Spain","IMASIS","secondary",2011,2023,2023,1467.19731350227,2434.46848213943,0.659264544540524,"amoxicillin"
"236","Spain","IMASIS","secondary",2011,2023,2023,1467.19731350227,2434.46848213943,0.659264544540524,"amoxicillin"
"237","Sweden","MEB KI","EHR P+S",2011,2023,2022,9.56242730730719,15.9285589939465,0.665744322236525,"sarilumab"
"238","Spain","SIDIAP","primary",2011,2023,2023,5540.24903307119,9264.50422778194,0.672218012670496,"amoxicillin"
"239","Spain","SIDIAP","primary",2011,2023,2023,5540.24903307119,9264.50422778194,0.672218012670496,"amoxicillin"
"240","Italy","POLIMI","secondary",2011,2023,2023,7.6847779535685,13.01006661378,0.692965846558866,"amoxicillin"
"241","Italy","POLIMI","secondary",2011,2023,2023,7.6847779535685,13.01006661378,0.692965846558866,"amoxicillin"
"242","Germany","InGef RDB","claims P+S",2013,2023,2023,7672.29276102738,13026.6809098775,0.697886318422126,"amoxicillin"
"243","Germany","InGef RDB","claims P+S",2013,2023,2023,7672.29276102738,13026.6809098775,0.697886318422126,"amoxicillin"
"244","Portugal","ULSRA","secondary",2011,2023,2023,1449.27681969652,2477.0436029282,0.709158367306868,"amoxicillin"
"245","Portugal","ULSRA","secondary",2011,2023,2023,1449.27681969652,2477.0436029282,0.709158367306868,"amoxicillin"
"246","Italy","POLIMI","secondary",2011,2023,2023,428.896350904593,748.810859617464,0.74590168006357,"amoxicillin plus clavulanate"
"247","Italy","POLIMI","secondary",2011,2023,2023,428.896350904593,748.810859617464,0.74590168006357,"amoxicillin plus clavulanate"
"248","Italy","THIN Italy","primary",2011,2023,2023,14688.5965558449,25646.8646054975,0.74603914730656,"amoxicillin plus clavulanate"
"249","Italy","THIN Italy","primary",2011,2023,2023,14688.5965558449,25646.8646054975,0.74603914730656,"amoxicillin plus clavulanate"
"250","Germany","InGef RDB","claims P+S",2013,2023,2014,0.248443760262131,0.434937289582284,0.75064686319103,"agalsidase beta"
"251","USA","Clinformatics","claims P+S",2016,2022,2021,0.814065329569305,1.49089644387531,0.831421127668087,"ceftozolane plus tazobactam"
"252","USA","Clinformatics","claims P+S",2016,2022,2021,0.814065329569305,1.49089644387531,0.831421127668087,"ceftozolane plus tazobactam"
"253","UK","OPCRD","primary",2011,2023,2017,1.48869561916185e-07,2.76346959795189e-07,0.856302633245976,"belatacept"
"254","Greece","PGH","secondary",2011,2023,2015,4962.50695660123,9235.22445761005,0.860999800781166,"tigecycline"
"255","Greece","PGH","secondary",2011,2023,2015,4962.50695660123,9235.22445761005,0.860999800781166,"tigecycline"
"256","USA","P+","claims P+S",2015,2023,2023,1.74239664678816,3.26070947520058,0.8713933369943,"tenecteplase"
"257","France","THIN France","primary",2011,2023,2017,1.24279125340064,2.41227591777237,0.941014559904314,"ganirelix"
"258","France","THIN France","primary",2011,2023,2018,4.08444422998953e-07,7.97267173074459e-07,0.951959993040478,"c1 esterase inhibitor"
"259","Finland","TAUH","secondary",2011,2023,2023,45.4406606892333,89.4643938034098,0.968818068365092,"alteplase"
"260","Israel","GMC","secondary",2011,2023,2023,417.173374797345,822.36830913056,0.971286661163482,"amoxicillin"
"261","Israel","GMC","secondary",2011,2023,2023,417.173374797345,822.36830913056,0.971286661163482,"amoxicillin"
"262","Spain","ATENEA","secondary",2011,2023,2017,9.19603931559212e-06,1.83698784647246e-05,0.997585899135733,"ganirelix"
"263","Portugal","ULSGE","secondary",2011,2023,2023,2156.82473313083,4311.37184944286,0.998943995409638,"amoxicillin plus clavulanate"
"264","Portugal","ULSGE","secondary",2011,2023,2023,2156.82473313083,4311.37184944286,0.998943995409638,"amoxicillin plus clavulanate"
"265","USA","P+","claims P+S",2015,2023,2017,1.93389143933654,3.8864388602192,1.00964686081475,"belatacept"
"266","Italy","COMNET MODENA","secondary",2011,2023,2022,3061.22787047544,6161.05576985443,1.01260932884998,"verteporfin"
"267","Spain","BARDENA","EHR P+S",2012,2023,2023,5.06556867016871e-06,1.03801236816248e-05,1.04915269291554,"tenecteplase"
"268","France","AP-HM","secondary",2014,2023,2023,454.46926509795,931.498057947883,1.0496392814311,"amoxicillin"
"269","France","AP-HM","secondary",2014,2023,2023,454.46926509795,931.498057947883,1.0496392814311,"amoxicillin"
"270","France","AP-HM","secondary",2014,2023,2023,1232.72361232367,2635.78792608338,1.13818239525318,"amoxicillin plus clavulanate"
"271","France","AP-HM","secondary",2014,2023,2023,1232.72361232367,2635.78792608338,1.13818239525318,"amoxicillin plus clavulanate"
"272","UK","CPRD GOLD","primary",2011,2023,2017,7.08065114102818e-07,1.53517682712995e-06,1.16812945102535,"ganirelix"
"273","Spain","HULAFE","EHR P+S",2011,2023,2023,5197.53541193215,11347.8450695302,1.18331269922252,"amoxicillin plus clavulanate"
"274","Spain","HULAFE","EHR P+S",2011,2023,2023,5197.53541193215,11347.8450695302,1.18331269922252,"amoxicillin plus clavulanate"
"275","Spain","BARDENA","EHR P+S",2012,2023,2018,1.69770013712815e-06,3.74783633859046e-06,1.20759618063667,"arsenic trioxide"
"276","Spain","IMASIS","secondary",2011,2023,2022,30.4540358639681,67.3474168163782,1.21144472007602,"sarilumab"
"277","UK","THIN UK","primary",2011,2023,2017,3.50369710118117e-07,7.76848750749308e-07,1.21722577127862,"belatacept"
"278","Spain","SIDIAP","primary",2011,2023,2017,5.36575639251933,12.121264084767,1.25900380078117,"ganirelix"
"279","Finland","TAUH","secondary",2011,2023,2017,3.58044439789676e-06,8.19676624269543e-06,1.28931532842974,"ganirelix"
"280","Finland","TAUH","secondary",2011,2023,2023,798.427559696688,1850.40935920837,1.3175669936936,"amoxicillin"
"281","Finland","TAUH","secondary",2011,2023,2023,798.427559696688,1850.40935920837,1.3175669936936,"amoxicillin"
"282","Netherlands","IPCI","primary",2011,2023,2014,2.3678524481677e-06,5.50246686751575e-06,1.32382168566867,"agalsidase beta"
"283","UK","THIN UK","primary",2011,2023,2022,2.15517338498321e-06,5.0186532778995e-06,1.32865407157884,"sarilumab"
"284","Israel","GMC","secondary",2011,2023,2023,2418.35382497814,5658.05002112797,1.33962870225539,"amoxicillin plus clavulanate"
"285","Israel","GMC","secondary",2011,2023,2023,2418.35382497814,5658.05002112797,1.33962870225539,"amoxicillin plus clavulanate"
"286","UK","THIN UK","primary",2011,2023,2017,7.38903079303881e-07,1.76504653227999e-06,1.38873890462445,"ganirelix"
"287","Belgium","OLVA MS","secondary",2015,2023,2023,3482.22881346538,8535.28790311459,1.45109909782769,"amoxicillin"
"288","Belgium","OLVA MS","secondary",2015,2023,2023,3482.22881346538,8535.28790311459,1.45109909782769,"amoxicillin"
"289","Portugal","ULSEDV","secondary",2011,2023,2023,914.376153478705,2244.66043327525,1.45485451992108,"amoxicillin"
"290","Portugal","ULSEDV","secondary",2011,2023,2023,914.376153478705,2244.66043327525,1.45485451992108,"amoxicillin"
"291","Serbia","CHCZ","secondary",2011,2023,2023,101.235323455857,251.602877545757,1.48532694870548,"amoxicillin"
"292","Serbia","CHCZ","secondary",2011,2023,2023,101.235323455857,251.602877545757,1.48532694870548,"amoxicillin"
"293","UK","OPCRD","primary",2011,2023,2023,361.60950193361,904.926170692181,1.50249555349992,"amoxicillin plus clavulanate"
"294","UK","OPCRD","primary",2011,2023,2023,361.60950193361,904.926170692181,1.50249555349992,"amoxicillin plus clavulanate"
"295","Belgium","UZA","secondary",2018,2023,2023,3049.81546096724,7907.68126045202,1.59283925918066,"amoxicillin"
"296","Belgium","UZA","secondary",2018,2023,2023,3049.81546096724,7907.68126045202,1.59283925918066,"amoxicillin"
"297","Spain","H12O","secondary",2011,2021,2015,9.29338944759763,24.3113159397261,1.61597946333893,"tigecycline"
"298","Spain","H12O","secondary",2011,2021,2015,9.29338944759763,24.3113159397261,1.61597946333893,"tigecycline"
"299","Romania","THIN Romania","primary",2011,2023,2023,5100.51062544965,13404.356141228,1.62804199923538,"amoxicillin plus clavulanate"
"300","Romania","THIN Romania","primary",2011,2023,2023,5100.51062544965,13404.356141228,1.62804199923538,"amoxicillin plus clavulanate"
"301","Spain","ATENEA","secondary",2011,2023,2023,7.29850775839367e-06,1.93357433236762e-05,1.64927351778712,"tenecteplase"
"302","Spain","HULAFE","EHR P+S",2011,2023,2023,5319.64237947826,14249.3672820311,1.67863255939935,"amoxicillin"
"303","Spain","HULAFE","EHR P+S",2011,2023,2023,5319.64237947826,14249.3672820311,1.67863255939935,"amoxicillin"
"304","Portugal","ULSEDV","secondary",2011,2023,2023,5918.32019046833,15953.5980061616,1.69562941725516,"amoxicillin plus clavulanate"
"305","Portugal","ULSEDV","secondary",2011,2023,2023,5918.32019046833,15953.5980061616,1.69562941725516,"amoxicillin plus clavulanate"
"306","Portugal","ULSRA","secondary",2011,2023,2023,4651.84937595866,12708.1734907909,1.7318540356161,"amoxicillin plus clavulanate"
"307","Portugal","ULSRA","secondary",2011,2023,2023,4651.84937595866,12708.1734907909,1.7318540356161,"amoxicillin plus clavulanate"
"308","Belgium","OLVA MS","secondary",2015,2023,2023,16245.8768050968,44992.5932885144,1.76947768521788,"amoxicillin plus clavulanate"
"309","Belgium","OLVA MS","secondary",2015,2023,2023,16245.8768050968,44992.5932885144,1.76947768521788,"amoxicillin plus clavulanate"
"310","Finland","HUS","secondary",2011,2023,2017,25.6529583570027,74.5352760535643,1.90552360535906,"ganirelix"
"311","Belgium","OLVA MS","secondary",2015,2023,2023,304.993679304777,892.531001280371,1.92639179708532,"alteplase"
"312","Spain","BARDENA","EHR P+S",2012,2023,2015,2.9765819022561,9.42028904446157,2.16480088699104,"tigecycline"
"313","Spain","BARDENA","EHR P+S",2012,2023,2015,2.9765819022561,9.42028904446157,2.16480088699104,"tigecycline"
"314","Israel","BZMC","secondary",2011,2023,2023,573.802130225736,1867.4681021811,2.25455066095072,"amoxicillin"
"315","Israel","BZMC","secondary",2011,2023,2023,573.802130225736,1867.4681021811,2.25455066095072,"amoxicillin"
"316","Israel","BZMC","secondary",2011,2023,2023,1554.52342152446,5105.12340077282,2.28404405497243,"amoxicillin plus clavulanate"
"317","Israel","BZMC","secondary",2011,2023,2023,1554.52342152446,5105.12340077282,2.28404405497243,"amoxicillin plus clavulanate"
"318","Spain","PSSJD","secondary",2017,2023,2022,0.000107679387220185,0.000371737281992113,2.45226037767078,"verteporfin"
"319","UK","OPCRD","primary",2011,2023,2015,1.40719751148611e-07,4.88835926758948e-07,2.47382597516605,"tigecycline"
"320","UK","OPCRD","primary",2011,2023,2015,1.40719751148611e-07,4.88835926758948e-07,2.47382597516605,"tigecycline"
"321","Spain","PSSJD","secondary",2017,2023,2023,999.170436177047,3732.46427925594,2.7355631673179,"amoxicillin"
"322","Spain","PSSJD","secondary",2017,2023,2023,999.170436177047,3732.46427925594,2.7355631673179,"amoxicillin"
"323","UK","THIN UK","primary",2011,2023,2014,3.27533125951584e-07,1.25311812362594e-06,2.82592789656083,"agalsidase beta"
"324","Finland","HUS","secondary",2011,2023,2022,6.27656010646739,27.7725443046906,3.42480336897811,"verteporfin"
"325","Belgium","UZA","secondary",2018,2023,2023,8.38811150964093e-05,0.000553204572854883,5.5951027501131,"alteplase"
"326","Netherlands","NCR","registry",2011,2023,2018,0.285349315981274,2.00518484446609,6.02712336131089,"arsenic trioxide"
"327","Spain","HULAFE","EHR P+S",2011,2023,2022,2.63801727185202e-06,1.89225678967915e-05,6.17302653727771,"verteporfin"
"328","Spain","BARDENA","EHR P+S",2012,2023,2017,2.82950202254043,27.5251192906291,8.72790232039348,"ganirelix"
"329","Belgium","OLVA MS","secondary",2015,2023,2017,0.00223213563797343,22.5859443972068,10117.5358151948,"ganirelix"
"330","France","AP-HM","secondary",2014,2023,2018,8.73061799962227e-06,0.651271169887961,74595.2278862891,"c1 esterase inhibitor"
"331","Spain","IMASIS","secondary",2011,2023,2017,8.98939830603801e-06,1.33474981725377,148479.440159965,"ganirelix"
"332","Germany","InGef RDB","claims P+S",2013,2023,2014,1.06475763320642e-06,0.195364150916208,183481.273170362,"imiglucerase"
"333","Spain","IMASIS","secondary",2011,2023,2018,9.30164461862806e-06,1.73518061590821,186544.571998442,"arsenic trioxide"
"334","Finland","TAUH","secondary",2011,2023,2022,1.16077458710263e-05,4.15382755500847,357848.629132277,"sarilumab"
"335","Finland","HUS","secondary",2011,2023,2014,5.64756342196328e-06,3.98395600365682,705428.174670847,"agalsidase beta"
"336","Italy","INT","secondary",2011,2023,2015,1.9460176566804e-05,32.1656402069157,1652894.59919951,"tigecycline"
"337","Italy","INT","secondary",2011,2023,2015,1.9460176566804e-05,32.1656402069157,1652894.59919951,"tigecycline"
"338","Spain","HULAFE","EHR P+S",2011,2023,2017,2.67569992729678e-06,14.5834768548329,5450339.93922721,"ganirelix"
"339","France","AP-HM","secondary",2014,2023,2017,0,2.57023565637507e-06,Inf,"belatacept"
"340","Spain","ATENEA","secondary",2011,2023,2018,0,5.47388300640253e-06,Inf,"c1 esterase inhibitor"
"341","Spain","ATENEA","secondary",2011,2023,2015,0,1.40571104750231,Inf,"tigecycline"
"342","Spain","ATENEA","secondary",2011,2023,2015,0,1.40571104750231,Inf,"tigecycline"
"343","Spain","BARDENA","EHR P+S",2012,2023,2014,0,1.29125244586428e-06,Inf,"agalsidase beta"
"344","Spain","BARDENA","EHR P+S",2012,2023,2021,0,0.320746452208344,Inf,"ceftozolane plus tazobactam"
"345","Spain","BARDENA","EHR P+S",2012,2023,2021,0,0.320746452208344,Inf,"ceftozolane plus tazobactam"
"346","Italy","COMNET MODENA","secondary",2011,2023,2018,0,0.00103439389190761,Inf,"arsenic trioxide"
"347","UK","CPRD Aurum","primary",2011,2023,2014,0,4.18221047798749e-07,Inf,"agalsidase beta"
"348","UK","CPRD Aurum","primary",2011,2023,2018,0,1.98174444709917e-07,Inf,"arsenic trioxide"
"349","Spain","H12O","secondary",2011,2021,2018,0,1.12396700223991e-05,Inf,"arsenic trioxide"
"350","Spain","HULAFE","EHR P+S",2011,2023,2015,0,2.00678116400018e-06,Inf,"tigecycline"
"351","Spain","HULAFE","EHR P+S",2011,2023,2015,0,2.00678116400018e-06,Inf,"tigecycline"
"352","Spain","IMASIS","secondary",2011,2023,2014,0,6.74204964215914e-06,Inf,"agalsidase beta"
"353","Spain","IMASIS","secondary",2011,2023,2022,0,2.84088949877092e-05,Inf,"verteporfin"
"354","Netherlands","IPCI","primary",2011,2023,2014,0,1.22520374078771e-06,Inf,"imiglucerase"
"355","Netherlands","IPCI","primary",2011,2023,2015,0,2.61288442210086e-06,Inf,"tigecycline"
"356","Netherlands","IPCI","primary",2011,2023,2015,0,2.61288442210086e-06,Inf,"tigecycline"
"357","Sweden","MEB KI","EHR P+S",2011,2023,2017,0,6.65767994000635e-07,Inf,"ganirelix"
"358","Italy","POLIMI","secondary",2011,2023,2015,0,6.49500929913693,Inf,"tigecycline"
"359","Italy","POLIMI","secondary",2011,2023,2015,0,6.49500929913693,Inf,"tigecycline"
"360","Sweden","SCIFI-PEARL","EHR P+S",2011,2023,2018,0,3.02614132541305,Inf,"c1 esterase inhibitor"
"361","Sweden","SCIFI-PEARL","EHR P+S",2011,2023,2017,0,83.4304130902067,Inf,"ganirelix"
"362","Finland","TAUH","secondary",2011,2023,2014,0,2.68533754968701e-06,Inf,"imiglucerase"
"363","Belgium","THIN Belgium","primary",2011,2023,2017,0,2.63141392826232e-06,Inf,"ganirelix"
"364","Spain","THIN Spain","primary",2010,2023,2017,0,30.5567943904221,Inf,"ganirelix"
"365","Portugal","ULSGE","secondary",2011,2023,2015,0,13.5396385555762,Inf,"tigecycline"
"366","Portugal","ULSGE","secondary",2011,2023,2015,0,13.5396385555762,Inf,"tigecycline"
"367","Italy","AOUPR","secondary",2011,2023,2014,0,0,NA,"agalsidase beta"
"368","Italy","AOUPR","secondary",2011,2023,2023,0,0,NA,"alteplase"
"369","Italy","AOUPR","secondary",2011,2023,2018,0,0,NA,"arsenic trioxide"
"370","Italy","AOUPR","secondary",2011,2023,2017,0,0,NA,"belatacept"
"371","Italy","AOUPR","secondary",2011,2023,2018,0,0,NA,"c1 esterase inhibitor"
"372","Italy","AOUPR","secondary",2011,2023,2021,0,0,NA,"ceftozolane plus tazobactam"
"373","Italy","AOUPR","secondary",2011,2023,2021,0,0,NA,"ceftozolane plus tazobactam"
"374","Italy","AOUPR","secondary",2011,2023,2017,0,0,NA,"cytarabine liposomal"
"375","Italy","AOUPR","secondary",2011,2023,2017,0,0,NA,"ganirelix"
"376","Italy","AOUPR","secondary",2011,2023,2014,0,0,NA,"imiglucerase"
"377","Italy","AOUPR","secondary",2011,2023,2022,0,0,NA,"sarilumab"
"378","Italy","AOUPR","secondary",2011,2023,2023,0,0,NA,"tenecteplase"
"379","Italy","AOUPR","secondary",2011,2023,2015,0,0,NA,"tigecycline"
"380","Italy","AOUPR","secondary",2011,2023,2015,0,0,NA,"tigecycline"
"381","Italy","AOUPR","secondary",2011,2023,2022,0,0,NA,"varenicline"
"382","Italy","AOUPR","secondary",2011,2023,2022,0,0,NA,"verteporfin"
"383","France","AP-HM","secondary",2014,2023,2014,NA,1.75280085919882e-05,NA,"agalsidase beta"
"384","France","AP-HM","secondary",2014,2023,2018,0,0,NA,"arsenic trioxide"
"385","France","AP-HM","secondary",2014,2023,2017,0,0,NA,"cytarabine liposomal"
"386","France","AP-HM","secondary",2014,2023,2014,NA,1.36774207335601e-05,NA,"imiglucerase"
"387","France","AP-HM","secondary",2014,2023,2022,0,0,NA,"verteporfin"
"388","Spain","ATENEA","secondary",2011,2023,2014,0,0,NA,"agalsidase beta"
"389","Spain","ATENEA","secondary",2011,2023,2023,0,0,NA,"amoxicillin plus clavulanate"
"390","Spain","ATENEA","secondary",2011,2023,2023,0,0,NA,"amoxicillin plus clavulanate"
"391","Spain","ATENEA","secondary",2011,2023,2018,0,0,NA,"arsenic trioxide"
"392","Spain","ATENEA","secondary",2011,2023,2017,0,0,NA,"belatacept"
"393","Spain","ATENEA","secondary",2011,2023,2021,0,0,NA,"ceftozolane plus tazobactam"
"394","Spain","ATENEA","secondary",2011,2023,2021,0,0,NA,"ceftozolane plus tazobactam"
"395","Spain","ATENEA","secondary",2011,2023,2017,0,0,NA,"cytarabine liposomal"
"396","Spain","ATENEA","secondary",2011,2023,2014,0,0,NA,"imiglucerase"
"397","Spain","ATENEA","secondary",2011,2023,2022,0,0,NA,"sarilumab"
"398","Spain","ATENEA","secondary",2011,2023,2022,0,0,NA,"varenicline"
"399","Spain","ATENEA","secondary",2011,2023,2022,0,0,NA,"verteporfin"
"400","Belgium","AZGR","secondary",2018,2023,2018,NA,0,NA,"arsenic trioxide"
"401","Belgium","AZGR","secondary",2018,2023,2017,NA,0,NA,"belatacept"
"402","Belgium","AZGR","secondary",2018,2023,2018,NA,0,NA,"c1 esterase inhibitor"
"403","Belgium","AZGR","secondary",2018,2023,2021,0,0,NA,"ceftozolane plus tazobactam"
"404","Belgium","AZGR","secondary",2018,2023,2021,0,0,NA,"ceftozolane plus tazobactam"
"405","Belgium","AZGR","secondary",2018,2023,2017,NA,0,NA,"cytarabine liposomal"
"406","Belgium","AZGR","secondary",2018,2023,2017,NA,23.9018932854344,NA,"ganirelix"
"407","Belgium","AZGR","secondary",2018,2023,2023,0,0,NA,"tenecteplase"
"408","Belgium","AZGR","secondary",2018,2023,2015,NA,0.000233200269603561,NA,"tigecycline"
"409","Belgium","AZGR","secondary",2018,2023,2015,NA,0.000233200269603561,NA,"tigecycline"
"410","Belgium","AZGR","secondary",2018,2023,2022,0,0,NA,"verteporfin"
"411","Spain","BARDENA","EHR P+S",2012,2023,2017,0,0,NA,"belatacept"
"412","Spain","BARDENA","EHR P+S",2012,2023,2017,0,0,NA,"cytarabine liposomal"
"413","Spain","BARDENA","EHR P+S",2012,2023,2014,0,0,NA,"imiglucerase"
"414","Bulgaria","BDR","registry",2018,2018,2018,NA,0,NA,"arsenic trioxide"
"415","Bulgaria","BDR","registry",2018,2018,2017,NA,0,NA,"belatacept"
"416","Bulgaria","BDR","registry",2018,2018,2018,NA,0,NA,"c1 esterase inhibitor"
"417","Bulgaria","BDR","registry",2018,2018,2021,0,NA,NA,"ceftozolane plus tazobactam"
"418","Bulgaria","BDR","registry",2018,2018,2021,0,NA,NA,"ceftozolane plus tazobactam"
"419","Bulgaria","BDR","registry",2018,2018,2017,NA,0,NA,"cytarabine liposomal"
"420","Bulgaria","BDR","registry",2018,2018,2017,NA,0,NA,"ganirelix"
"421","Bulgaria","BDR","registry",2018,2018,2015,NA,0,NA,"tigecycline"
"422","Bulgaria","BDR","registry",2018,2018,2015,NA,0,NA,"tigecycline"
"423","Israel","BZMC","secondary",2011,2023,2014,0,0,NA,"agalsidase beta"
"424","Israel","BZMC","secondary",2011,2023,2023,0,0,NA,"alteplase"
"425","Israel","BZMC","secondary",2011,2023,2018,0,0,NA,"arsenic trioxide"
"426","Israel","BZMC","secondary",2011,2023,2017,0,0,NA,"belatacept"
"427","Israel","BZMC","secondary",2011,2023,2018,0,0,NA,"c1 esterase inhibitor"
"428","Israel","BZMC","secondary",2011,2023,2021,0,0,NA,"ceftozolane plus tazobactam"
"429","Israel","BZMC","secondary",2011,2023,2021,0,0,NA,"ceftozolane plus tazobactam"
"430","Israel","BZMC","secondary",2011,2023,2017,0,0,NA,"cytarabine liposomal"
"431","Israel","BZMC","secondary",2011,2023,2017,0,0,NA,"ganirelix"
"432","Israel","BZMC","secondary",2011,2023,2014,0,0,NA,"imiglucerase"
"433","Israel","BZMC","secondary",2011,2023,2022,0,0,NA,"sarilumab"
"434","Israel","BZMC","secondary",2011,2023,2023,0,0,NA,"tenecteplase"
"435","Israel","BZMC","secondary",2011,2023,2015,0,0,NA,"tigecycline"
"436","Israel","BZMC","secondary",2011,2023,2015,0,0,NA,"tigecycline"
"437","Israel","BZMC","secondary",2011,2023,2022,0,0,NA,"varenicline"
"438","Israel","BZMC","secondary",2011,2023,2022,0,0,NA,"verteporfin"
"439","Germany","CHA CAN","secondary",2011,2023,2014,0,0,NA,"agalsidase beta"
"440","Germany","CHA CAN","secondary",2011,2023,2023,0,0,NA,"alteplase"
"441","Germany","CHA CAN","secondary",2011,2023,2023,0,0,NA,"amoxicillin"
"442","Germany","CHA CAN","secondary",2011,2023,2023,0,0,NA,"amoxicillin"
"443","Germany","CHA CAN","secondary",2011,2023,2023,0,0,NA,"amoxicillin plus clavulanate"
"444","Germany","CHA CAN","secondary",2011,2023,2023,0,0,NA,"amoxicillin plus clavulanate"
"445","Germany","CHA CAN","secondary",2011,2023,2017,0,0,NA,"belatacept"
"446","Germany","CHA CAN","secondary",2011,2023,2018,0,0,NA,"c1 esterase inhibitor"
"447","Germany","CHA CAN","secondary",2011,2023,2021,0,0,NA,"ceftozolane plus tazobactam"
"448","Germany","CHA CAN","secondary",2011,2023,2021,0,0,NA,"ceftozolane plus tazobactam"
"449","Germany","CHA CAN","secondary",2011,2023,2017,0,0,NA,"cytarabine liposomal"
"450","Germany","CHA CAN","secondary",2011,2023,2017,0,0,NA,"ganirelix"
"451","Germany","CHA CAN","secondary",2011,2023,2014,0,0,NA,"imiglucerase"
"452","Germany","CHA CAN","secondary",2011,2023,2022,0,0,NA,"sarilumab"
"453","Germany","CHA CAN","secondary",2011,2023,2023,0,0,NA,"tenecteplase"
"454","Germany","CHA CAN","secondary",2011,2023,2015,0,0,NA,"tigecycline"
"455","Germany","CHA CAN","secondary",2011,2023,2015,0,0,NA,"tigecycline"
"456","Germany","CHA CAN","secondary",2011,2023,2022,0,0,NA,"varenicline"
"457","Germany","CHA CAN","secondary",2011,2023,2022,0,0,NA,"verteporfin"
"458","Serbia","CHCZ","secondary",2011,2023,2014,0,0,NA,"agalsidase beta"
"459","Serbia","CHCZ","secondary",2011,2023,2023,0,0,NA,"amoxicillin plus clavulanate"
"460","Serbia","CHCZ","secondary",2011,2023,2023,0,0,NA,"amoxicillin plus clavulanate"
"461","Serbia","CHCZ","secondary",2011,2023,2018,0,0,NA,"arsenic trioxide"
"462","Serbia","CHCZ","secondary",2011,2023,2017,0,0,NA,"belatacept"
"463","Serbia","CHCZ","secondary",2011,2023,2018,0,0,NA,"c1 esterase inhibitor"
"464","Serbia","CHCZ","secondary",2011,2023,2021,0,0,NA,"ceftozolane plus tazobactam"
"465","Serbia","CHCZ","secondary",2011,2023,2021,0,0,NA,"ceftozolane plus tazobactam"
"466","Serbia","CHCZ","secondary",2011,2023,2017,0,0,NA,"cytarabine liposomal"
"467","Serbia","CHCZ","secondary",2011,2023,2017,0,0,NA,"ganirelix"
"468","Serbia","CHCZ","secondary",2011,2023,2014,0,0,NA,"imiglucerase"
"469","Serbia","CHCZ","secondary",2011,2023,2022,0,0,NA,"sarilumab"
"470","Serbia","CHCZ","secondary",2011,2023,2023,0,0,NA,"tenecteplase"
"471","Serbia","CHCZ","secondary",2011,2023,2015,0,0,NA,"tigecycline"
"472","Serbia","CHCZ","secondary",2011,2023,2015,0,0,NA,"tigecycline"
"473","Serbia","CHCZ","secondary",2011,2023,2022,0,0,NA,"varenicline"
"474","Serbia","CHCZ","secondary",2011,2023,2022,0,0,NA,"verteporfin"
"475","Italy","COMNET MODENA","secondary",2011,2023,2014,0,0,NA,"agalsidase beta"
"476","Italy","COMNET MODENA","secondary",2011,2023,2023,0,0,NA,"alteplase"
"477","Italy","COMNET MODENA","secondary",2011,2023,2023,0,0,NA,"amoxicillin"
"478","Italy","COMNET MODENA","secondary",2011,2023,2023,0,0,NA,"amoxicillin"
"479","Italy","COMNET MODENA","secondary",2011,2023,2023,0,0,NA,"amoxicillin plus clavulanate"
"480","Italy","COMNET MODENA","secondary",2011,2023,2023,0,0,NA,"amoxicillin plus clavulanate"
"481","Italy","COMNET MODENA","secondary",2011,2023,2017,0,0,NA,"belatacept"
"482","Italy","COMNET MODENA","secondary",2011,2023,2021,0,0,NA,"ceftozolane plus tazobactam"
"483","Italy","COMNET MODENA","secondary",2011,2023,2021,0,0,NA,"ceftozolane plus tazobactam"
"484","Italy","COMNET MODENA","secondary",2011,2023,2017,0,0,NA,"cytarabine liposomal"
"485","Italy","COMNET MODENA","secondary",2011,2023,2017,0,0,NA,"ganirelix"
"486","Italy","COMNET MODENA","secondary",2011,2023,2014,0,0,NA,"imiglucerase"
"487","Italy","COMNET MODENA","secondary",2011,2023,2022,0,0,NA,"sarilumab"
"488","Italy","COMNET MODENA","secondary",2011,2023,2023,0,0,NA,"tenecteplase"
"489","Italy","COMNET MODENA","secondary",2011,2023,2015,0,0,NA,"tigecycline"
"490","Italy","COMNET MODENA","secondary",2011,2023,2015,0,0,NA,"tigecycline"
"491","Italy","COMNET MODENA","secondary",2011,2023,2022,0,0,NA,"varenicline"
"492","UK","CPRD Aurum","primary",2011,2023,2014,0,0,NA,"imiglucerase"
"493","UK","CPRD Aurum","primary",2011,2023,2022,0,0,NA,"verteporfin"
"494","UK","CPRD GOLD","primary",2011,2023,2018,0,0,NA,"arsenic trioxide"
"495","UK","CPRD GOLD","primary",2011,2023,2021,0,0,NA,"ceftozolane plus tazobactam"
"496","UK","CPRD GOLD","primary",2011,2023,2021,0,0,NA,"ceftozolane plus tazobactam"
"497","UK","CPRD GOLD","primary",2011,2023,2023,0,0,NA,"tenecteplase"
"498","UK","CPRD GOLD","primary",2011,2023,2022,0,0,NA,"verteporfin"
"499","USA","Clinformatics","claims P+S",2016,2022,2014,NA,0.825374989445999,NA,"agalsidase beta"
"500","USA","Clinformatics","claims P+S",2016,2022,2023,112.217245964143,NA,NA,"alteplase"
"501","USA","Clinformatics","claims P+S",2016,2022,2023,10282.5881686408,NA,NA,"amoxicillin"
"502","USA","Clinformatics","claims P+S",2016,2022,2023,10282.5881686408,NA,NA,"amoxicillin"
"503","USA","Clinformatics","claims P+S",2016,2022,2023,7079.0117860374,NA,NA,"amoxicillin plus clavulanate"
"504","USA","Clinformatics","claims P+S",2016,2022,2023,7079.0117860374,NA,NA,"amoxicillin plus clavulanate"
"505","USA","Clinformatics","claims P+S",2016,2022,2014,NA,0.227007043126337,NA,"imiglucerase"
"506","USA","Clinformatics","claims P+S",2016,2022,2023,3.05361232475506,NA,NA,"tenecteplase"
"507","USA","Clinformatics","claims P+S",2016,2022,2015,NA,1.29005560362954,NA,"tigecycline"
"508","USA","Clinformatics","claims P+S",2016,2022,2015,NA,1.29005560362954,NA,"tigecycline"
"509","Israel","GMC","secondary",2011,2023,2014,0,0,NA,"agalsidase beta"
"510","Israel","GMC","secondary",2011,2023,2023,0,0,NA,"alteplase"
"511","Israel","GMC","secondary",2011,2023,2018,0,0,NA,"arsenic trioxide"
"512","Israel","GMC","secondary",2011,2023,2017,0,0,NA,"belatacept"
"513","Israel","GMC","secondary",2011,2023,2018,0,0,NA,"c1 esterase inhibitor"
"514","Israel","GMC","secondary",2011,2023,2021,0,0,NA,"ceftozolane plus tazobactam"
"515","Israel","GMC","secondary",2011,2023,2021,0,0,NA,"ceftozolane plus tazobactam"
"516","Israel","GMC","secondary",2011,2023,2017,0,0,NA,"cytarabine liposomal"
"517","Israel","GMC","secondary",2011,2023,2017,0,0,NA,"ganirelix"
"518","Israel","GMC","secondary",2011,2023,2014,0,0,NA,"imiglucerase"
"519","Israel","GMC","secondary",2011,2023,2022,0,0,NA,"sarilumab"
"520","Israel","GMC","secondary",2011,2023,2023,0,0,NA,"tenecteplase"
"521","Israel","GMC","secondary",2011,2023,2015,0,0,NA,"tigecycline"
"522","Israel","GMC","secondary",2011,2023,2015,0,0,NA,"tigecycline"
"523","Israel","GMC","secondary",2011,2023,2022,0,0,NA,"varenicline"
"524","Israel","GMC","secondary",2011,2023,2022,0,0,NA,"verteporfin"
"525","Spain","H12O","secondary",2011,2021,2014,0,0,NA,"agalsidase beta"
"526","Spain","H12O","secondary",2011,2021,2023,0,NA,NA,"alteplase"
"527","Spain","H12O","secondary",2011,2021,2023,0.000178571523702088,NA,NA,"amoxicillin"
"528","Spain","H12O","secondary",2011,2021,2023,0.000178571523702088,NA,NA,"amoxicillin"
"529","Spain","H12O","secondary",2011,2021,2023,1236.85456760338,NA,NA,"amoxicillin plus clavulanate"
"530","Spain","H12O","secondary",2011,2021,2023,1236.85456760338,NA,NA,"amoxicillin plus clavulanate"
"531","Spain","H12O","secondary",2011,2021,2017,0,0,NA,"belatacept"
"532","Spain","H12O","secondary",2011,2021,2018,0,0,NA,"c1 esterase inhibitor"
"533","Spain","H12O","secondary",2011,2021,2021,0,0,NA,"ceftozolane plus tazobactam"
"534","Spain","H12O","secondary",2011,2021,2021,0,0,NA,"ceftozolane plus tazobactam"
"535","Spain","H12O","secondary",2011,2021,2017,0,0,NA,"cytarabine liposomal"
"536","Spain","H12O","secondary",2011,2021,2017,0,0,NA,"ganirelix"
"537","Spain","H12O","secondary",2011,2021,2014,0,0,NA,"imiglucerase"
"538","Spain","H12O","secondary",2011,2021,2022,0,NA,NA,"sarilumab"
"539","Spain","H12O","secondary",2011,2021,2023,0,NA,NA,"tenecteplase"
"540","Spain","H12O","secondary",2011,2021,2022,0,NA,NA,"varenicline"
"541","Spain","H12O","secondary",2011,2021,2022,0,NA,NA,"verteporfin"
"542","Spain","HULAFE","EHR P+S",2011,2023,2014,0,0,NA,"agalsidase beta"
"543","Spain","HULAFE","EHR P+S",2011,2023,2018,0,0,NA,"arsenic trioxide"
"544","Spain","HULAFE","EHR P+S",2011,2023,2017,0,0,NA,"belatacept"
"545","Spain","HULAFE","EHR P+S",2011,2023,2021,0,0,NA,"ceftozolane plus tazobactam"
"546","Spain","HULAFE","EHR P+S",2011,2023,2021,0,0,NA,"ceftozolane plus tazobactam"
"547","Spain","HULAFE","EHR P+S",2011,2023,2017,0,0,NA,"cytarabine liposomal"
"548","Spain","HULAFE","EHR P+S",2011,2023,2014,0,0,NA,"imiglucerase"
"549","Spain","HULAFE","EHR P+S",2011,2023,2023,0,0,NA,"tenecteplase"
"550","Finland","HUS","secondary",2011,2023,2023,0,0,NA,"amoxicillin plus clavulanate"
"551","Finland","HUS","secondary",2011,2023,2023,0,0,NA,"amoxicillin plus clavulanate"
"552","Finland","HUS","secondary",2011,2023,2021,0,0,NA,"ceftozolane plus tazobactam"
"553","Finland","HUS","secondary",2011,2023,2021,0,0,NA,"ceftozolane plus tazobactam"
"554","Finland","HUS","secondary",2011,2023,2017,0,0,NA,"cytarabine liposomal"
"555","Spain","IMASIS","secondary",2011,2023,2017,0,0,NA,"belatacept"
"556","Spain","IMASIS","secondary",2011,2023,2018,0,0,NA,"c1 esterase inhibitor"
"557","Spain","IMASIS","secondary",2011,2023,2021,0,0,NA,"ceftozolane plus tazobactam"
"558","Spain","IMASIS","secondary",2011,2023,2021,0,0,NA,"ceftozolane plus tazobactam"
"559","Spain","IMASIS","secondary",2011,2023,2017,0,0,NA,"cytarabine liposomal"
"560","Spain","IMASIS","secondary",2011,2023,2014,0,0,NA,"imiglucerase"
"561","Italy","INT","secondary",2011,2023,2014,0,0,NA,"agalsidase beta"
"562","Italy","INT","secondary",2011,2023,2023,0,0,NA,"alteplase"
"563","Italy","INT","secondary",2011,2023,2023,0,0,NA,"amoxicillin plus clavulanate"
"564","Italy","INT","secondary",2011,2023,2023,0,0,NA,"amoxicillin plus clavulanate"
"565","Italy","INT","secondary",2011,2023,2018,0,0,NA,"arsenic trioxide"
"566","Italy","INT","secondary",2011,2023,2017,0,0,NA,"belatacept"
"567","Italy","INT","secondary",2011,2023,2018,0,0,NA,"c1 esterase inhibitor"
"568","Italy","INT","secondary",2011,2023,2021,0,0,NA,"ceftozolane plus tazobactam"
"569","Italy","INT","secondary",2011,2023,2021,0,0,NA,"ceftozolane plus tazobactam"
"570","Italy","INT","secondary",2011,2023,2017,0,0,NA,"cytarabine liposomal"
"571","Italy","INT","secondary",2011,2023,2017,0,0,NA,"ganirelix"
"572","Italy","INT","secondary",2011,2023,2014,0,0,NA,"imiglucerase"
"573","Italy","INT","secondary",2011,2023,2022,0,0,NA,"sarilumab"
"574","Italy","INT","secondary",2011,2023,2023,0,0,NA,"tenecteplase"
"575","Italy","INT","secondary",2011,2023,2022,0,0,NA,"verteporfin"
"576","Netherlands","IPCI","primary",2011,2023,2023,0,0,NA,"alteplase"
"577","Netherlands","IPCI","primary",2011,2023,2018,0,0,NA,"arsenic trioxide"
"578","Netherlands","IPCI","primary",2011,2023,2017,0,0,NA,"belatacept"
"579","Netherlands","IPCI","primary",2011,2023,2021,0,0,NA,"ceftozolane plus tazobactam"
"580","Netherlands","IPCI","primary",2011,2023,2021,0,0,NA,"ceftozolane plus tazobactam"
"581","Netherlands","IPCI","primary",2011,2023,2017,0,0,NA,"cytarabine liposomal"
"582","Netherlands","IPCI","primary",2011,2023,2023,0,0,NA,"tenecteplase"
"583","Netherlands","IPCI","primary",2011,2023,2022,0,0,NA,"verteporfin"
"584","Turkey","ITF CDM","secondary",2018,2021,2023,2.99384058187896,NA,NA,"alteplase"
"585","Turkey","ITF CDM","secondary",2018,2021,2023,9.06549768085626,NA,NA,"amoxicillin"
"586","Turkey","ITF CDM","secondary",2018,2021,2023,9.06549768085626,NA,NA,"amoxicillin"
"587","Turkey","ITF CDM","secondary",2018,2021,2023,382.979553298946,NA,NA,"amoxicillin plus clavulanate"
"588","Turkey","ITF CDM","secondary",2018,2021,2023,382.979553298946,NA,NA,"amoxicillin plus clavulanate"
"589","Turkey","ITF CDM","secondary",2018,2021,2018,NA,0,NA,"arsenic trioxide"
"590","Turkey","ITF CDM","secondary",2018,2021,2017,NA,0,NA,"belatacept"
"591","Turkey","ITF CDM","secondary",2018,2021,2018,NA,12.0596166727933,NA,"c1 esterase inhibitor"
"592","Turkey","ITF CDM","secondary",2018,2021,2021,0,0,NA,"ceftozolane plus tazobactam"
"593","Turkey","ITF CDM","secondary",2018,2021,2021,0,0,NA,"ceftozolane plus tazobactam"
"594","Turkey","ITF CDM","secondary",2018,2021,2017,NA,0,NA,"cytarabine liposomal"
"595","Turkey","ITF CDM","secondary",2018,2021,2017,NA,0,NA,"ganirelix"
"596","Turkey","ITF CDM","secondary",2018,2021,2022,0,NA,NA,"sarilumab"
"597","Turkey","ITF CDM","secondary",2018,2021,2023,0,NA,NA,"tenecteplase"
"598","Turkey","ITF CDM","secondary",2018,2021,2015,NA,27.7174433143008,NA,"tigecycline"
"599","Turkey","ITF CDM","secondary",2018,2021,2015,NA,27.7174433143008,NA,"tigecycline"
"600","Turkey","ITF CDM","secondary",2018,2021,2022,0,NA,NA,"varenicline"
"601","Turkey","ITF CDM","secondary",2018,2021,2022,0,NA,NA,"verteporfin"
"602","Germany","InGef RDB","claims P+S",2013,2023,2021,0,0,NA,"ceftozolane plus tazobactam"
"603","Germany","InGef RDB","claims P+S",2013,2023,2021,0,0,NA,"ceftozolane plus tazobactam"
"604","Germany","InGef RDB","claims P+S",2013,2023,2017,0,0,NA,"cytarabine liposomal"
"605","Germany","InGef RDB","claims P+S",2013,2023,2023,0,0,NA,"tenecteplase"
"606","Estonia","MAITT","claims P+S",2012,2019,2014,0,0,NA,"agalsidase beta"
"607","Estonia","MAITT","claims P+S",2012,2019,2018,0,0,NA,"arsenic trioxide"
"608","Estonia","MAITT","claims P+S",2012,2019,2017,0,0,NA,"belatacept"
"609","Estonia","MAITT","claims P+S",2012,2019,2018,0,0,NA,"c1 esterase inhibitor"
"610","Estonia","MAITT","claims P+S",2012,2019,2021,0,NA,NA,"ceftozolane plus tazobactam"
"611","Estonia","MAITT","claims P+S",2012,2019,2021,0,NA,NA,"ceftozolane plus tazobactam"
"612","Estonia","MAITT","claims P+S",2012,2019,2017,0,0,NA,"cytarabine liposomal"
"613","Estonia","MAITT","claims P+S",2012,2019,2014,0,0,NA,"imiglucerase"
"614","Estonia","MAITT","claims P+S",2012,2019,2022,0,NA,NA,"sarilumab"
"615","Estonia","MAITT","claims P+S",2012,2019,2015,0,0,NA,"tigecycline"
"616","Estonia","MAITT","claims P+S",2012,2019,2015,0,0,NA,"tigecycline"
"617","Estonia","MAITT","claims P+S",2012,2019,2022,47.6609634900864,NA,NA,"varenicline"
"618","Estonia","MAITT","claims P+S",2012,2019,2022,0,NA,NA,"verteporfin"
"619","Sweden","MEB KI","EHR P+S",2011,2023,2023,0,0,NA,"amoxicillin plus clavulanate"
"620","Sweden","MEB KI","EHR P+S",2011,2023,2023,0,0,NA,"amoxicillin plus clavulanate"
"621","Sweden","MEB KI","EHR P+S",2011,2023,2018,0,0,NA,"arsenic trioxide"
"622","Sweden","MEB KI","EHR P+S",2011,2023,2017,0,0,NA,"belatacept"
"623","Sweden","MEB KI","EHR P+S",2011,2023,2021,0,0,NA,"ceftozolane plus tazobactam"
"624","Sweden","MEB KI","EHR P+S",2011,2023,2021,0,0,NA,"ceftozolane plus tazobactam"
"625","Sweden","MEB KI","EHR P+S",2011,2023,2017,0,0,NA,"cytarabine liposomal"
"626","Sweden","MEB KI","EHR P+S",2011,2023,2023,0,0,NA,"tenecteplase"
"627","Sweden","MEB KI","EHR P+S",2011,2023,2022,0,0,NA,"verteporfin"
"628","USA","MarketScan","claims P+S",2016,2022,2014,NA,0.985491595484536,NA,"agalsidase beta"
"629","USA","MarketScan","claims P+S",2016,2022,2023,59.0046716112089,NA,NA,"alteplase"
"630","USA","MarketScan","claims P+S",2016,2022,2023,10966.5927934355,NA,NA,"amoxicillin"
"631","USA","MarketScan","claims P+S",2016,2022,2023,10966.5927934355,NA,NA,"amoxicillin"
"632","USA","MarketScan","claims P+S",2016,2022,2023,6922.01468428648,NA,NA,"amoxicillin plus clavulanate"
"633","USA","MarketScan","claims P+S",2016,2022,2023,6922.01468428648,NA,NA,"amoxicillin plus clavulanate"
"634","USA","MarketScan","claims P+S",2016,2022,2014,NA,0.405240681872565,NA,"imiglucerase"
"635","USA","MarketScan","claims P+S",2016,2022,2023,1.26420382300178,NA,NA,"tenecteplase"
"636","USA","MarketScan","claims P+S",2016,2022,2015,NA,0.832425289094403,NA,"tigecycline"
"637","USA","MarketScan","claims P+S",2016,2022,2015,NA,0.832425289094403,NA,"tigecycline"
"638","Netherlands","NCR","registry",2011,2023,2014,0,0,NA,"agalsidase beta"
"639","Netherlands","NCR","registry",2011,2023,2023,0,0,NA,"alteplase"
"640","Netherlands","NCR","registry",2011,2023,2023,0,0,NA,"amoxicillin"
"641","Netherlands","NCR","registry",2011,2023,2023,0,0,NA,"amoxicillin"
"642","Netherlands","NCR","registry",2011,2023,2023,0,0,NA,"amoxicillin plus clavulanate"
"643","Netherlands","NCR","registry",2011,2023,2023,0,0,NA,"amoxicillin plus clavulanate"
"644","Netherlands","NCR","registry",2011,2023,2017,0,0,NA,"belatacept"
"645","Netherlands","NCR","registry",2011,2023,2018,0,0,NA,"c1 esterase inhibitor"
"646","Netherlands","NCR","registry",2011,2023,2021,0,0,NA,"ceftozolane plus tazobactam"
"647","Netherlands","NCR","registry",2011,2023,2021,0,0,NA,"ceftozolane plus tazobactam"
"648","Netherlands","NCR","registry",2011,2023,2017,0,0,NA,"cytarabine liposomal"
"649","Netherlands","NCR","registry",2011,2023,2017,0,0,NA,"ganirelix"
"650","Netherlands","NCR","registry",2011,2023,2014,0,0,NA,"imiglucerase"
"651","Netherlands","NCR","registry",2011,2023,2022,0,0,NA,"sarilumab"
"652","Netherlands","NCR","registry",2011,2023,2023,0,0,NA,"tenecteplase"
"653","Netherlands","NCR","registry",2011,2023,2015,0,0,NA,"tigecycline"
"654","Netherlands","NCR","registry",2011,2023,2015,0,0,NA,"tigecycline"
"655","Netherlands","NCR","registry",2011,2023,2022,0,0,NA,"varenicline"
"656","Netherlands","NCR","registry",2011,2023,2022,0,0,NA,"verteporfin"
"657","Belgium","OLVA MS","secondary",2015,2023,2014,NA,0,NA,"agalsidase beta"
"658","Belgium","OLVA MS","secondary",2015,2023,2018,0,0,NA,"arsenic trioxide"
"659","Belgium","OLVA MS","secondary",2015,2023,2017,0,0,NA,"belatacept"
"660","Belgium","OLVA MS","secondary",2015,2023,2021,0,0,NA,"ceftozolane plus tazobactam"
"661","Belgium","OLVA MS","secondary",2015,2023,2021,0,0,NA,"ceftozolane plus tazobactam"
"662","Belgium","OLVA MS","secondary",2015,2023,2017,0,0,NA,"cytarabine liposomal"
"663","Belgium","OLVA MS","secondary",2015,2023,2014,NA,0.00127706664522197,NA,"imiglucerase"
"664","Belgium","OLVA MS","secondary",2015,2023,2022,0,0,NA,"sarilumab"
"665","Belgium","OLVA MS","secondary",2015,2023,2023,0,0,NA,"tenecteplase"
"666","Belgium","OLVA MS","secondary",2015,2023,2015,NA,0,NA,"tigecycline"
"667","Belgium","OLVA MS","secondary",2015,2023,2015,NA,0,NA,"tigecycline"
"668","Belgium","OLVA MS","secondary",2015,2023,2022,0,0,NA,"verteporfin"
"669","UK","OPCRD","primary",2011,2023,2014,0,0,NA,"agalsidase beta"
"670","UK","OPCRD","primary",2011,2023,2018,0,0,NA,"arsenic trioxide"
"671","UK","OPCRD","primary",2011,2023,2021,0,0,NA,"ceftozolane plus tazobactam"
"672","UK","OPCRD","primary",2011,2023,2021,0,0,NA,"ceftozolane plus tazobactam"
"673","UK","OPCRD","primary",2011,2023,2014,0,0,NA,"imiglucerase"
"674","UK","OPCRD","primary",2011,2023,2023,0,0,NA,"tenecteplase"
"675","UK","OPCRD","primary",2011,2023,2022,0,0,NA,"verteporfin"
"676","USA","P+","claims P+S",2015,2023,2014,NA,1.59856320633301,NA,"agalsidase beta"
"677","USA","P+","claims P+S",2015,2023,2014,NA,1.20664175824308,NA,"imiglucerase"
"678","USA","P+","claims P+S",2015,2023,2015,NA,1.36116219538273,NA,"tigecycline"
"679","USA","P+","claims P+S",2015,2023,2015,NA,1.36116219538273,NA,"tigecycline"
"680","Greece","PGH","secondary",2011,2023,2014,0,0,NA,"agalsidase beta"
"681","Greece","PGH","secondary",2011,2023,2023,0,0,NA,"amoxicillin plus clavulanate"
"682","Greece","PGH","secondary",2011,2023,2023,0,0,NA,"amoxicillin plus clavulanate"
"683","Greece","PGH","secondary",2011,2023,2018,0,0,NA,"arsenic trioxide"
"684","Greece","PGH","secondary",2011,2023,2017,0,0,NA,"belatacept"
"685","Greece","PGH","secondary",2011,2023,2021,0,0,NA,"ceftozolane plus tazobactam"
"686","Greece","PGH","secondary",2011,2023,2021,0,0,NA,"ceftozolane plus tazobactam"
"687","Greece","PGH","secondary",2011,2023,2017,0,0,NA,"cytarabine liposomal"
"688","Greece","PGH","secondary",2011,2023,2017,0,0,NA,"ganirelix"
"689","Greece","PGH","secondary",2011,2023,2014,0,0,NA,"imiglucerase"
"690","Greece","PGH","secondary",2011,2023,2022,0,0,NA,"sarilumab"
"691","Greece","PGH","secondary",2011,2023,2023,0,0,NA,"tenecteplase"
"692","Greece","PGH","secondary",2011,2023,2022,0,0,NA,"varenicline"
"693","Greece","PGH","secondary",2011,2023,2022,0,0,NA,"verteporfin"
"694","Italy","POLIMI","secondary",2011,2023,2014,0,0,NA,"agalsidase beta"
"695","Italy","POLIMI","secondary",2011,2023,2023,0,0,NA,"alteplase"
"696","Italy","POLIMI","secondary",2011,2023,2018,0,0,NA,"arsenic trioxide"
"697","Italy","POLIMI","secondary",2011,2023,2017,0,0,NA,"belatacept"
"698","Italy","POLIMI","secondary",2011,2023,2018,0,0,NA,"c1 esterase inhibitor"
"699","Italy","POLIMI","secondary",2011,2023,2017,0,0,NA,"cytarabine liposomal"
"700","Italy","POLIMI","secondary",2011,2023,2017,0,0,NA,"ganirelix"
"701","Italy","POLIMI","secondary",2011,2023,2014,0,0,NA,"imiglucerase"
"702","Italy","POLIMI","secondary",2011,2023,2022,0,0,NA,"sarilumab"
"703","Italy","POLIMI","secondary",2011,2023,2023,0,0,NA,"tenecteplase"
"704","Italy","POLIMI","secondary",2011,2023,2022,0,0,NA,"varenicline"
"705","Italy","POLIMI","secondary",2011,2023,2022,0,0,NA,"verteporfin"
"706","Spain","PRISIB","EHR P+S",2011,2023,2014,0,0,NA,"agalsidase beta"
"707","Spain","PRISIB","EHR P+S",2011,2023,2023,0,0,NA,"alteplase"
"708","Spain","PRISIB","EHR P+S",2011,2023,2018,0,0,NA,"arsenic trioxide"
"709","Spain","PRISIB","EHR P+S",2011,2023,2017,0,0,NA,"belatacept"
"710","Spain","PRISIB","EHR P+S",2011,2023,2021,0,0,NA,"ceftozolane plus tazobactam"
"711","Spain","PRISIB","EHR P+S",2011,2023,2021,0,0,NA,"ceftozolane plus tazobactam"
"712","Spain","PRISIB","EHR P+S",2011,2023,2017,0,0,NA,"cytarabine liposomal"
"713","Spain","PRISIB","EHR P+S",2011,2023,2017,0,0,NA,"ganirelix"
"714","Spain","PRISIB","EHR P+S",2011,2023,2014,0,0,NA,"imiglucerase"
"715","Spain","PRISIB","EHR P+S",2011,2023,2022,0,0,NA,"sarilumab"
"716","Spain","PRISIB","EHR P+S",2011,2023,2023,0,0,NA,"tenecteplase"
"717","Spain","PRISIB","EHR P+S",2011,2023,2015,0,0,NA,"tigecycline"
"718","Spain","PRISIB","EHR P+S",2011,2023,2015,0,0,NA,"tigecycline"
"719","Spain","PRISIB","EHR P+S",2011,2023,2022,0,0,NA,"varenicline"
"720","Spain","PRISIB","EHR P+S",2011,2023,2022,0,0,NA,"verteporfin"
"721","Spain","PSSJD","secondary",2017,2023,2014,NA,0,NA,"agalsidase beta"
"722","Spain","PSSJD","secondary",2017,2023,2023,0,0,NA,"alteplase"
"723","Spain","PSSJD","secondary",2017,2023,2023,0,0,NA,"amoxicillin plus clavulanate"
"724","Spain","PSSJD","secondary",2017,2023,2023,0,0,NA,"amoxicillin plus clavulanate"
"725","Spain","PSSJD","secondary",2017,2023,2017,NA,0,NA,"belatacept"
"726","Spain","PSSJD","secondary",2017,2023,2021,0,0,NA,"ceftozolane plus tazobactam"
"727","Spain","PSSJD","secondary",2017,2023,2021,0,0,NA,"ceftozolane plus tazobactam"
"728","Spain","PSSJD","secondary",2017,2023,2017,NA,0,NA,"cytarabine liposomal"
"729","Spain","PSSJD","secondary",2017,2023,2017,NA,3.54428640217526e-05,NA,"ganirelix"
"730","Spain","PSSJD","secondary",2017,2023,2014,NA,0,NA,"imiglucerase"
"731","Spain","PSSJD","secondary",2017,2023,2022,0,0,NA,"sarilumab"
"732","Spain","PSSJD","secondary",2017,2023,2023,0,0,NA,"tenecteplase"
"733","Spain","PSSJD","secondary",2017,2023,2015,NA,2.56233135556974e-05,NA,"tigecycline"
"734","Spain","PSSJD","secondary",2017,2023,2015,NA,2.56233135556974e-05,NA,"tigecycline"
"735","Spain","PSSJD","secondary",2017,2023,2022,0,0,NA,"varenicline"
"736","Portugal","ReumaPT","registry",2011,2022,2014,0,0,NA,"agalsidase beta"
"737","Portugal","ReumaPT","registry",2011,2022,2023,0,NA,NA,"alteplase"
"738","Portugal","ReumaPT","registry",2011,2022,2023,0,NA,NA,"amoxicillin"
"739","Portugal","ReumaPT","registry",2011,2022,2023,0,NA,NA,"amoxicillin"
"740","Portugal","ReumaPT","registry",2011,2022,2023,0,NA,NA,"amoxicillin plus clavulanate"
"741","Portugal","ReumaPT","registry",2011,2022,2023,0,NA,NA,"amoxicillin plus clavulanate"
"742","Portugal","ReumaPT","registry",2011,2022,2018,0,0,NA,"arsenic trioxide"
"743","Portugal","ReumaPT","registry",2011,2022,2017,0,0,NA,"belatacept"
"744","Portugal","ReumaPT","registry",2011,2022,2018,0,0,NA,"c1 esterase inhibitor"
"745","Portugal","ReumaPT","registry",2011,2022,2021,0,0,NA,"ceftozolane plus tazobactam"
"746","Portugal","ReumaPT","registry",2011,2022,2021,0,0,NA,"ceftozolane plus tazobactam"
"747","Portugal","ReumaPT","registry",2011,2022,2017,0,0,NA,"cytarabine liposomal"
"748","Portugal","ReumaPT","registry",2011,2022,2017,0,0,NA,"ganirelix"
"749","Portugal","ReumaPT","registry",2011,2022,2014,0,0,NA,"imiglucerase"
"750","Portugal","ReumaPT","registry",2011,2022,2022,0,0,NA,"sarilumab"
"751","Portugal","ReumaPT","registry",2011,2022,2023,0,NA,NA,"tenecteplase"
"752","Portugal","ReumaPT","registry",2011,2022,2015,0,0,NA,"tigecycline"
"753","Portugal","ReumaPT","registry",2011,2022,2015,0,0,NA,"tigecycline"
"754","Portugal","ReumaPT","registry",2011,2022,2022,0,0,NA,"varenicline"
"755","Portugal","ReumaPT","registry",2011,2022,2022,0,0,NA,"verteporfin"
"756","Sweden","SCIFI-PEARL","EHR P+S",2011,2023,2014,0,0,NA,"agalsidase beta"
"757","Sweden","SCIFI-PEARL","EHR P+S",2011,2023,2023,0,0,NA,"amoxicillin plus clavulanate"
"758","Sweden","SCIFI-PEARL","EHR P+S",2011,2023,2023,0,0,NA,"amoxicillin plus clavulanate"
"759","Sweden","SCIFI-PEARL","EHR P+S",2011,2023,2018,0,0,NA,"arsenic trioxide"
"760","Sweden","SCIFI-PEARL","EHR P+S",2011,2023,2017,0,0,NA,"belatacept"
"761","Sweden","SCIFI-PEARL","EHR P+S",2011,2023,2021,0,0,NA,"ceftozolane plus tazobactam"
"762","Sweden","SCIFI-PEARL","EHR P+S",2011,2023,2021,0,0,NA,"ceftozolane plus tazobactam"
"763","Sweden","SCIFI-PEARL","EHR P+S",2011,2023,2017,0,0,NA,"cytarabine liposomal"
"764","Sweden","SCIFI-PEARL","EHR P+S",2011,2023,2014,0,0,NA,"imiglucerase"
"765","Sweden","SCIFI-PEARL","EHR P+S",2011,2023,2023,0,0,NA,"tenecteplase"
"766","Sweden","SCIFI-PEARL","EHR P+S",2011,2023,2015,0,0,NA,"tigecycline"
"767","Sweden","SCIFI-PEARL","EHR P+S",2011,2023,2015,0,0,NA,"tigecycline"
"768","Sweden","SCIFI-PEARL","EHR P+S",2011,2023,2022,0,0,NA,"verteporfin"
"769","Spain","SIDIAP","primary",2011,2023,2014,0,0,NA,"agalsidase beta"
"770","Spain","SIDIAP","primary",2011,2023,2023,0,0,NA,"alteplase"
"771","Spain","SIDIAP","primary",2011,2023,2018,0,0,NA,"arsenic trioxide"
"772","Spain","SIDIAP","primary",2011,2023,2017,0,0,NA,"belatacept"
"773","Spain","SIDIAP","primary",2011,2023,2018,0,0,NA,"c1 esterase inhibitor"
"774","Spain","SIDIAP","primary",2011,2023,2021,0,0,NA,"ceftozolane plus tazobactam"
"775","Spain","SIDIAP","primary",2011,2023,2021,0,0,NA,"ceftozolane plus tazobactam"
"776","Spain","SIDIAP","primary",2011,2023,2017,0,0,NA,"cytarabine liposomal"
"777","Spain","SIDIAP","primary",2011,2023,2014,0,0,NA,"imiglucerase"
"778","Spain","SIDIAP","primary",2011,2023,2022,0,0,NA,"sarilumab"
"779","Spain","SIDIAP","primary",2011,2023,2023,0,0,NA,"tenecteplase"
"780","Spain","SIDIAP","primary",2011,2023,2015,0,0,NA,"tigecycline"
"781","Spain","SIDIAP","primary",2011,2023,2015,0,0,NA,"tigecycline"
"782","Spain","SIDIAP","primary",2011,2023,2022,0,0,NA,"verteporfin"
"783","Hungary","SUCD","secondary",2011,2022,2014,0,0,NA,"agalsidase beta"
"784","Hungary","SUCD","secondary",2011,2022,2023,0,NA,NA,"alteplase"
"785","Hungary","SUCD","secondary",2011,2022,2023,889.03566909452,NA,NA,"amoxicillin"
"786","Hungary","SUCD","secondary",2011,2022,2023,889.03566909452,NA,NA,"amoxicillin"
"787","Hungary","SUCD","secondary",2011,2022,2023,0,NA,NA,"amoxicillin plus clavulanate"
"788","Hungary","SUCD","secondary",2011,2022,2023,0,NA,NA,"amoxicillin plus clavulanate"
"789","Hungary","SUCD","secondary",2011,2022,2018,0,0,NA,"arsenic trioxide"
"790","Hungary","SUCD","secondary",2011,2022,2017,0,0,NA,"belatacept"
"791","Hungary","SUCD","secondary",2011,2022,2021,0,0,NA,"ceftozolane plus tazobactam"
"792","Hungary","SUCD","secondary",2011,2022,2021,0,0,NA,"ceftozolane plus tazobactam"
"793","Hungary","SUCD","secondary",2011,2022,2017,0,0,NA,"cytarabine liposomal"
"794","Hungary","SUCD","secondary",2011,2022,2017,0,0,NA,"ganirelix"
"795","Hungary","SUCD","secondary",2011,2022,2014,0,0,NA,"imiglucerase"
"796","Hungary","SUCD","secondary",2011,2022,2022,0,0,NA,"sarilumab"
"797","Hungary","SUCD","secondary",2011,2022,2023,0,NA,NA,"tenecteplase"
"798","Hungary","SUCD","secondary",2011,2022,2015,0,0,NA,"tigecycline"
"799","Hungary","SUCD","secondary",2011,2022,2015,0,0,NA,"tigecycline"
"800","Hungary","SUCD","secondary",2011,2022,2022,0,0,NA,"verteporfin"
"801","Finland","TAUH","secondary",2011,2023,2023,0,0,NA,"amoxicillin plus clavulanate"
"802","Finland","TAUH","secondary",2011,2023,2023,0,0,NA,"amoxicillin plus clavulanate"
"803","Finland","TAUH","secondary",2011,2023,2017,0,0,NA,"belatacept"
"804","Finland","TAUH","secondary",2011,2023,2021,0,0,NA,"ceftozolane plus tazobactam"
"805","Finland","TAUH","secondary",2011,2023,2021,0,0,NA,"ceftozolane plus tazobactam"
"806","Finland","TAUH","secondary",2011,2023,2017,0,0,NA,"cytarabine liposomal"
"807","Finland","TAUH","secondary",2011,2023,2022,0,0,NA,"verteporfin"
"808","Belgium","THIN Belgium","primary",2011,2023,2014,0,0,NA,"agalsidase beta"
"809","Belgium","THIN Belgium","primary",2011,2023,2023,0,0,NA,"alteplase"
"810","Belgium","THIN Belgium","primary",2011,2023,2018,0,0,NA,"arsenic trioxide"
"811","Belgium","THIN Belgium","primary",2011,2023,2017,0,0,NA,"belatacept"
"812","Belgium","THIN Belgium","primary",2011,2023,2018,0,0,NA,"c1 esterase inhibitor"
"813","Belgium","THIN Belgium","primary",2011,2023,2021,0,0,NA,"ceftozolane plus tazobactam"
"814","Belgium","THIN Belgium","primary",2011,2023,2021,0,0,NA,"ceftozolane plus tazobactam"
"815","Belgium","THIN Belgium","primary",2011,2023,2017,0,0,NA,"cytarabine liposomal"
"816","Belgium","THIN Belgium","primary",2011,2023,2014,0,0,NA,"imiglucerase"
"817","Belgium","THIN Belgium","primary",2011,2023,2023,0,0,NA,"tenecteplase"
"818","Belgium","THIN Belgium","primary",2011,2023,2015,0,0,NA,"tigecycline"
"819","Belgium","THIN Belgium","primary",2011,2023,2015,0,0,NA,"tigecycline"
"820","Belgium","THIN Belgium","primary",2011,2023,2022,0,0,NA,"verteporfin"
"821","France","THIN France","primary",2011,2023,2014,0,0,NA,"agalsidase beta"
"822","France","THIN France","primary",2011,2023,2023,0,0,NA,"alteplase"
"823","France","THIN France","primary",2011,2023,2018,0,0,NA,"arsenic trioxide"
"824","France","THIN France","primary",2011,2023,2017,0,0,NA,"belatacept"
"825","France","THIN France","primary",2011,2023,2021,0,0,NA,"ceftozolane plus tazobactam"
"826","France","THIN France","primary",2011,2023,2021,0,0,NA,"ceftozolane plus tazobactam"
"827","France","THIN France","primary",2011,2023,2017,0,0,NA,"cytarabine liposomal"
"828","France","THIN France","primary",2011,2023,2014,0,0,NA,"imiglucerase"
"829","France","THIN France","primary",2011,2023,2023,0,0,NA,"tenecteplase"
"830","France","THIN France","primary",2011,2023,2015,0,0,NA,"tigecycline"
"831","France","THIN France","primary",2011,2023,2015,0,0,NA,"tigecycline"
"832","France","THIN France","primary",2011,2023,2022,0,0,NA,"verteporfin"
"833","Italy","THIN Italy","primary",2011,2023,2014,0,0,NA,"agalsidase beta"
"834","Italy","THIN Italy","primary",2011,2023,2023,0,0,NA,"alteplase"
"835","Italy","THIN Italy","primary",2011,2023,2018,0,0,NA,"arsenic trioxide"
"836","Italy","THIN Italy","primary",2011,2023,2017,0,0,NA,"belatacept"
"837","Italy","THIN Italy","primary",2011,2023,2018,0,0,NA,"c1 esterase inhibitor"
"838","Italy","THIN Italy","primary",2011,2023,2021,0,0,NA,"ceftozolane plus tazobactam"
"839","Italy","THIN Italy","primary",2011,2023,2021,0,0,NA,"ceftozolane plus tazobactam"
"840","Italy","THIN Italy","primary",2011,2023,2017,0,0,NA,"cytarabine liposomal"
"841","Italy","THIN Italy","primary",2011,2023,2017,0,0,NA,"ganirelix"
"842","Italy","THIN Italy","primary",2011,2023,2014,0,0,NA,"imiglucerase"
"843","Italy","THIN Italy","primary",2011,2023,2022,0,0,NA,"sarilumab"
"844","Italy","THIN Italy","primary",2011,2023,2023,0,0,NA,"tenecteplase"
"845","Italy","THIN Italy","primary",2011,2023,2015,0,0,NA,"tigecycline"
"846","Italy","THIN Italy","primary",2011,2023,2015,0,0,NA,"tigecycline"
"847","Italy","THIN Italy","primary",2011,2023,2022,0,0,NA,"varenicline"
"848","Italy","THIN Italy","primary",2011,2023,2022,0,0,NA,"verteporfin"
"849","Romania","THIN Romania","primary",2011,2023,2014,0,0,NA,"agalsidase beta"
"850","Romania","THIN Romania","primary",2011,2023,2023,0,0,NA,"alteplase"
"851","Romania","THIN Romania","primary",2011,2023,2018,0,0,NA,"arsenic trioxide"
"852","Romania","THIN Romania","primary",2011,2023,2017,0,0,NA,"belatacept"
"853","Romania","THIN Romania","primary",2011,2023,2018,0,0,NA,"c1 esterase inhibitor"
"854","Romania","THIN Romania","primary",2011,2023,2021,0,0,NA,"ceftozolane plus tazobactam"
"855","Romania","THIN Romania","primary",2011,2023,2021,0,0,NA,"ceftozolane plus tazobactam"
"856","Romania","THIN Romania","primary",2011,2023,2017,0,0,NA,"cytarabine liposomal"
"857","Romania","THIN Romania","primary",2011,2023,2017,0,0,NA,"ganirelix"
"858","Romania","THIN Romania","primary",2011,2023,2014,0,0,NA,"imiglucerase"
"859","Romania","THIN Romania","primary",2011,2023,2022,0,0,NA,"sarilumab"
"860","Romania","THIN Romania","primary",2011,2023,2023,0,0,NA,"tenecteplase"
"861","Romania","THIN Romania","primary",2011,2023,2015,0,0,NA,"tigecycline"
"862","Romania","THIN Romania","primary",2011,2023,2015,0,0,NA,"tigecycline"
"863","Romania","THIN Romania","primary",2011,2023,2022,0,0,NA,"varenicline"
"864","Romania","THIN Romania","primary",2011,2023,2022,0,0,NA,"verteporfin"
"865","Spain","THIN Spain","primary",2010,2023,2014,0,0,NA,"agalsidase beta"
"866","Spain","THIN Spain","primary",2010,2023,2023,0,0,NA,"alteplase"
"867","Spain","THIN Spain","primary",2010,2023,2018,0,0,NA,"arsenic trioxide"
"868","Spain","THIN Spain","primary",2010,2023,2017,0,0,NA,"belatacept"
"869","Spain","THIN Spain","primary",2010,2023,2018,0,0,NA,"c1 esterase inhibitor"
"870","Spain","THIN Spain","primary",2010,2023,2021,0,0,NA,"ceftozolane plus tazobactam"
"871","Spain","THIN Spain","primary",2010,2023,2021,0,0,NA,"ceftozolane plus tazobactam"
"872","Spain","THIN Spain","primary",2010,2023,2017,0,0,NA,"cytarabine liposomal"
"873","Spain","THIN Spain","primary",2010,2023,2014,0,0,NA,"imiglucerase"
"874","Spain","THIN Spain","primary",2010,2023,2022,0,0,NA,"sarilumab"
"875","Spain","THIN Spain","primary",2010,2023,2023,0,0,NA,"tenecteplase"
"876","Spain","THIN Spain","primary",2010,2023,2015,0,0,NA,"tigecycline"
"877","Spain","THIN Spain","primary",2010,2023,2015,0,0,NA,"tigecycline"
"878","Spain","THIN Spain","primary",2010,2023,2022,0,0,NA,"verteporfin"
"879","UK","THIN UK","primary",2011,2023,2021,0,0,NA,"ceftozolane plus tazobactam"
"880","UK","THIN UK","primary",2011,2023,2021,0,0,NA,"ceftozolane plus tazobactam"
"881","UK","THIN UK","primary",2011,2023,2017,0,0,NA,"cytarabine liposomal"
"882","UK","THIN UK","primary",2011,2023,2023,0,0,NA,"tenecteplase"
"883","UK","THIN UK","primary",2011,2023,2022,0,0,NA,"verteporfin"
"884","Portugal","ULSEDV","secondary",2011,2023,2014,0,0,NA,"agalsidase beta"
"885","Portugal","ULSEDV","secondary",2011,2023,2023,0,0,NA,"alteplase"
"886","Portugal","ULSEDV","secondary",2011,2023,2018,0,0,NA,"arsenic trioxide"
"887","Portugal","ULSEDV","secondary",2011,2023,2017,0,0,NA,"belatacept"
"888","Portugal","ULSEDV","secondary",2011,2023,2018,0,0,NA,"c1 esterase inhibitor"
"889","Portugal","ULSEDV","secondary",2011,2023,2021,0,0,NA,"ceftozolane plus tazobactam"
"890","Portugal","ULSEDV","secondary",2011,2023,2021,0,0,NA,"ceftozolane plus tazobactam"
"891","Portugal","ULSEDV","secondary",2011,2023,2017,0,0,NA,"cytarabine liposomal"
"892","Portugal","ULSEDV","secondary",2011,2023,2017,0,0,NA,"ganirelix"
"893","Portugal","ULSEDV","secondary",2011,2023,2014,0,0,NA,"imiglucerase"
"894","Portugal","ULSEDV","secondary",2011,2023,2022,0,0,NA,"sarilumab"
"895","Portugal","ULSEDV","secondary",2011,2023,2023,0,0,NA,"tenecteplase"
"896","Portugal","ULSEDV","secondary",2011,2023,2015,0,0,NA,"tigecycline"
"897","Portugal","ULSEDV","secondary",2011,2023,2015,0,0,NA,"tigecycline"
"898","Portugal","ULSEDV","secondary",2011,2023,2022,0,0,NA,"verteporfin"
"899","Portugal","ULSGE","secondary",2011,2023,2014,0,0,NA,"agalsidase beta"
"900","Portugal","ULSGE","secondary",2011,2023,2023,0,0,NA,"alteplase"
"901","Portugal","ULSGE","secondary",2011,2023,2018,0,0,NA,"arsenic trioxide"
"902","Portugal","ULSGE","secondary",2011,2023,2017,0,0,NA,"belatacept"
"903","Portugal","ULSGE","secondary",2011,2023,2018,0,0,NA,"c1 esterase inhibitor"
"904","Portugal","ULSGE","secondary",2011,2023,2021,0,0,NA,"ceftozolane plus tazobactam"
"905","Portugal","ULSGE","secondary",2011,2023,2021,0,0,NA,"ceftozolane plus tazobactam"
"906","Portugal","ULSGE","secondary",2011,2023,2017,0,0,NA,"cytarabine liposomal"
"907","Portugal","ULSGE","secondary",2011,2023,2014,0,0,NA,"imiglucerase"
"908","Portugal","ULSGE","secondary",2011,2023,2022,0,0,NA,"sarilumab"
"909","Portugal","ULSGE","secondary",2011,2023,2023,0,0,NA,"tenecteplase"
"910","Portugal","ULSGE","secondary",2011,2023,2022,0,0,NA,"verteporfin"
"911","Portugal","ULSRA","secondary",2011,2023,2014,0,0,NA,"agalsidase beta"
"912","Portugal","ULSRA","secondary",2011,2023,2023,0,0,NA,"alteplase"
"913","Portugal","ULSRA","secondary",2011,2023,2018,0,0,NA,"arsenic trioxide"
"914","Portugal","ULSRA","secondary",2011,2023,2017,0,0,NA,"belatacept"
"915","Portugal","ULSRA","secondary",2011,2023,2018,0,0,NA,"c1 esterase inhibitor"
"916","Portugal","ULSRA","secondary",2011,2023,2021,0,0,NA,"ceftozolane plus tazobactam"
"917","Portugal","ULSRA","secondary",2011,2023,2021,0,0,NA,"ceftozolane plus tazobactam"
"918","Portugal","ULSRA","secondary",2011,2023,2017,0,0,NA,"cytarabine liposomal"
"919","Portugal","ULSRA","secondary",2011,2023,2017,0,0,NA,"ganirelix"
"920","Portugal","ULSRA","secondary",2011,2023,2014,0,0,NA,"imiglucerase"
"921","Portugal","ULSRA","secondary",2011,2023,2022,0,0,NA,"sarilumab"
"922","Portugal","ULSRA","secondary",2011,2023,2023,0,0,NA,"tenecteplase"
"923","Portugal","ULSRA","secondary",2011,2023,2015,0,0,NA,"tigecycline"
"924","Portugal","ULSRA","secondary",2011,2023,2015,0,0,NA,"tigecycline"
"925","Portugal","ULSRA","secondary",2011,2023,2022,0,0,NA,"verteporfin"
"926","Germany","UM DRESDEN","secondary",2018,2023,2023,0,0,NA,"amoxicillin plus clavulanate"
"927","Germany","UM DRESDEN","secondary",2018,2023,2023,0,0,NA,"amoxicillin plus clavulanate"
"928","Germany","UM DRESDEN","secondary",2018,2023,2018,NA,0,NA,"arsenic trioxide"
"929","Germany","UM DRESDEN","secondary",2018,2023,2017,NA,0,NA,"belatacept"
"930","Germany","UM DRESDEN","secondary",2018,2023,2018,NA,0,NA,"c1 esterase inhibitor"
"931","Germany","UM DRESDEN","secondary",2018,2023,2021,0,0,NA,"ceftozolane plus tazobactam"
"932","Germany","UM DRESDEN","secondary",2018,2023,2021,0,0,NA,"ceftozolane plus tazobactam"
"933","Germany","UM DRESDEN","secondary",2018,2023,2017,NA,0,NA,"cytarabine liposomal"
"934","Germany","UM DRESDEN","secondary",2018,2023,2017,NA,0,NA,"ganirelix"
"935","Germany","UM DRESDEN","secondary",2018,2023,2022,0,0,NA,"sarilumab"
"936","Germany","UM DRESDEN","secondary",2018,2023,2023,0,0,NA,"tenecteplase"
"937","Germany","UM DRESDEN","secondary",2018,2023,2015,NA,7.57584426069214e-05,NA,"tigecycline"
"938","Germany","UM DRESDEN","secondary",2018,2023,2015,NA,7.57584426069214e-05,NA,"tigecycline"
"939","Germany","UM DRESDEN","secondary",2018,2023,2022,0,0,NA,"varenicline"
"940","Germany","UM DRESDEN","secondary",2018,2023,2022,0,0,NA,"verteporfin"
"941","Belgium","UZA","secondary",2018,2023,2023,0,0,NA,"amoxicillin plus clavulanate"
"942","Belgium","UZA","secondary",2018,2023,2023,0,0,NA,"amoxicillin plus clavulanate"
"943","Belgium","UZA","secondary",2018,2023,2018,NA,0,NA,"arsenic trioxide"
"944","Belgium","UZA","secondary",2018,2023,2017,NA,0,NA,"belatacept"
"945","Belgium","UZA","secondary",2018,2023,2018,NA,3.06906638762413e-05,NA,"c1 esterase inhibitor"
"946","Belgium","UZA","secondary",2018,2023,2021,0,0,NA,"ceftozolane plus tazobactam"
"947","Belgium","UZA","secondary",2018,2023,2021,0,0,NA,"ceftozolane plus tazobactam"
"948","Belgium","UZA","secondary",2018,2023,2017,NA,0,NA,"cytarabine liposomal"
"949","Belgium","UZA","secondary",2018,2023,2017,NA,0,NA,"ganirelix"
"950","Belgium","UZA","secondary",2018,2023,2022,0,0,NA,"sarilumab"
"951","Belgium","UZA","secondary",2018,2023,2023,0,0,NA,"tenecteplase"
"952","Belgium","UZA","secondary",2018,2023,2015,NA,0,NA,"tigecycline"
"953","Belgium","UZA","secondary",2018,2023,2015,NA,0,NA,"tigecycline"
"954","Belgium","UZA","secondary",2018,2023,2022,0,0,NA,"varenicline"
"955","Belgium","UZA","secondary",2018,2023,2022,0,0,NA,"verteporfin"
"956","Spain","VID CONSIGN","EHR P+S",2018,2021,2023,1.90788641840508e-06,NA,NA,"alteplase"
"957","Spain","VID CONSIGN","EHR P+S",2018,2021,2023,523.431259661825,NA,NA,"amoxicillin"
"958","Spain","VID CONSIGN","EHR P+S",2018,2021,2023,523.431259661825,NA,NA,"amoxicillin"
"959","Spain","VID CONSIGN","EHR P+S",2018,2021,2023,6097.24413631567,NA,NA,"amoxicillin plus clavulanate"
"960","Spain","VID CONSIGN","EHR P+S",2018,2021,2023,6097.24413631567,NA,NA,"amoxicillin plus clavulanate"
"961","Spain","VID CONSIGN","EHR P+S",2018,2021,2018,NA,0,NA,"arsenic trioxide"
"962","Spain","VID CONSIGN","EHR P+S",2018,2021,2017,NA,0,NA,"belatacept"
"963","Spain","VID CONSIGN","EHR P+S",2018,2021,2018,NA,0,NA,"c1 esterase inhibitor"
"964","Spain","VID CONSIGN","EHR P+S",2018,2021,2021,0,0,NA,"ceftozolane plus tazobactam"
"965","Spain","VID CONSIGN","EHR P+S",2018,2021,2021,0,0,NA,"ceftozolane plus tazobactam"
"966","Spain","VID CONSIGN","EHR P+S",2018,2021,2017,NA,0,NA,"cytarabine liposomal"
"967","Spain","VID CONSIGN","EHR P+S",2018,2021,2017,NA,0,NA,"ganirelix"
"968","Spain","VID CONSIGN","EHR P+S",2018,2021,2022,2.48531397564484,NA,NA,"sarilumab"
"969","Spain","VID CONSIGN","EHR P+S",2018,2021,2023,0,NA,NA,"tenecteplase"
"970","Spain","VID CONSIGN","EHR P+S",2018,2021,2015,NA,0,NA,"tigecycline"
"971","Spain","VID CONSIGN","EHR P+S",2018,2021,2015,NA,0,NA,"tigecycline"
"972","Spain","VID CONSIGN","EHR P+S",2018,2021,2022,0,NA,NA,"varenicline"
"973","Spain","VID CONSIGN","EHR P+S",2018,2021,2022,0,NA,NA,"verteporfin"
"974","Netherlands","Viecuri","secondary",2018,2023,2023,0,0,NA,"alteplase"
"975","Netherlands","Viecuri","secondary",2018,2023,2018,NA,0,NA,"arsenic trioxide"
"976","Netherlands","Viecuri","secondary",2018,2023,2017,NA,0,NA,"belatacept"
"977","Netherlands","Viecuri","secondary",2018,2023,2021,0,0,NA,"ceftozolane plus tazobactam"
"978","Netherlands","Viecuri","secondary",2018,2023,2021,0,0,NA,"ceftozolane plus tazobactam"
"979","Netherlands","Viecuri","secondary",2018,2023,2017,NA,0,NA,"cytarabine liposomal"
"980","Netherlands","Viecuri","secondary",2018,2023,2017,NA,0,NA,"ganirelix"
"981","Netherlands","Viecuri","secondary",2018,2023,2022,0,0,NA,"sarilumab"
"982","Netherlands","Viecuri","secondary",2018,2023,2023,0,0,NA,"tenecteplase"
"983","Netherlands","Viecuri","secondary",2018,2023,2015,NA,0,NA,"tigecycline"
"984","Netherlands","Viecuri","secondary",2018,2023,2015,NA,0,NA,"tigecycline"
"985","Netherlands","Viecuri","secondary",2018,2023,2022,0,0,NA,"varenicline"
"986","Netherlands","Viecuri","secondary",2018,2023,2022,0,0,NA,"verteporfin"
