"","country","cdm_name","data_type","min_data","max_data","shortage_year","prev_before","prev_after","diff","outcome_cohort_name"
"1","Italy","AOUPR","secondary",2011,2023,2023,2.04342502061463e-05,0,-1,"amoxicillin"
"2","Italy","AOUPR","secondary",2011,2023,2023,2.04342502061463e-05,0,-1,"amoxicillin"
"3","Italy","AOUPR","secondary",2011,2023,2023,7.1546959932929e-05,0,-1,"amoxicillin plus clavulanate"
"4","Italy","AOUPR","secondary",2011,2023,2023,7.1546959932929e-05,0,-1,"amoxicillin plus clavulanate"
"5","France","AP-HM","secondary",2014,2023,2022,5.13640914989316e-06,0,-1,"sarilumab"
"6","France","AP-HM","secondary",2014,2023,2023,2.0408767198213e-06,0,-1,"tenecteplase"
"7","Belgium","AZGR","secondary",2018,2023,2023,0.00247684101962169,0,-1,"alteplase"
"8","Belgium","AZGR","secondary",2018,2023,2023,0.0582955770693189,0,-1,"amoxicillin"
"9","Belgium","AZGR","secondary",2018,2023,2023,0.0582955770693189,0,-1,"amoxicillin"
"10","Belgium","AZGR","secondary",2018,2023,2023,0.000873130866482061,0,-1,"amoxicillin plus clavulanate"
"11","Belgium","AZGR","secondary",2018,2023,2023,0.000873130866482061,0,-1,"amoxicillin plus clavulanate"
"12","Belgium","AZGR","secondary",2018,2023,2022,2.56375744290833e-05,0,-1,"sarilumab"
"13","Spain","BARDENA","EHR P+S",2012,2023,2022,1.06418074045696e-06,0,-1,"sarilumab"
"14","UK","CPRD Aurum","primary",2011,2023,2023,7.77610539671046e-08,0,-1,"tenecteplase"
"15","UK","CPRD GOLD","primary",2011,2023,2023,4.01808419152078e-07,0,-1,"alteplase"
"16","UK","CPRD GOLD","primary",2011,2023,2017,2.18743794853757e-07,0,-1,"belatacept"
"17","UK","CPRD GOLD","primary",2011,2023,2017,2.18743794853757e-07,0,-1,"cytarabine liposomal"
"18","Spain","HULAFE","EHR P+S",2011,2023,2023,3.48936817065909e-06,0,-1,"alteplase"
"19","Finland","HUS","secondary",2011,2023,2017,3.4925682513322e-06,0,-1,"belatacept"
"20","Spain","IMASIS","secondary",2011,2023,2023,6.5406287506418e-06,0,-1,"tenecteplase"
"21","Spain","IMASIS","secondary",2011,2023,2022,0.00033330552687629,0,-1,"varenicline"
"22","Italy","INT","secondary",2011,2023,2022,0.000206539327883782,0,-1,"varenicline"
"23","Germany","InGef RDB","claims P+S",2013,2023,2022,5.92614250227808e-07,0,-1,"varenicline"
"24","Belgium","OLVA MS","secondary",2015,2023,2022,0.000115908769258687,0,-1,"varenicline"
"25","Greece","PGH","secondary",2011,2023,2023,2.29510646717735e-05,0,-1,"tenecteplase"
"26","Portugal","ReumaPT","registry",2011,2022,2022,0.000218535832269883,0,-1,"varenicline"
"27","Sweden","SCIFI-PEARL","EHR P+S",2011,2023,2023,2.51912877340565e-07,0,-1,"alteplase"
"28","Hungary","SUCD","secondary",2011,2022,2022,7.63702393263305e-06,0,-1,"varenicline"
"29","Finland","TAUH","secondary",2011,2023,2018,2.20421015160006e-06,0,-1,"arsenic trioxide"
"30","Finland","TAUH","secondary",2011,2023,2023,7.37101521751112e-06,0,-1,"tenecteplase"
"31","Belgium","THIN Belgium","primary",2011,2023,2023,1.9788177454439e-06,0,-1,"alteplase"
"32","Belgium","THIN Belgium","primary",2011,2023,2022,3.84339533937432e-06,0,-1,"sarilumab"
"33","Romania","THIN Romania","primary",2011,2023,2014,3.07929176289453e-05,0,-1,"imiglucerase"
"34","Spain","THIN Spain","primary",2010,2023,2022,0.00285706152043142,0,-1,"varenicline"
"35","UK","THIN UK","primary",2011,2023,2023,1.50137929301335e-06,0,-1,"alteplase"
"36","Portugal","ULSEDV","secondary",2011,2023,2022,0.00039700946958938,0,-1,"varenicline"
"37","Portugal","ULSGE","secondary",2011,2023,2022,0.00033187225263275,0,-1,"varenicline"
"38","Portugal","ULSRA","secondary",2011,2023,2022,0.000119484569798973,0,-1,"varenicline"
"39","Sweden","SCIFI-PEARL","EHR P+S",2011,2023,2022,0.00171266657003408,3.88711996767959e-06,-0.997730369684508,"varenicline"
"40","Sweden","MEB KI","EHR P+S",2011,2023,2022,0.00216594446984879,3.08918917837994e-05,-0.985737449775914,"varenicline"
"41","Spain","BARDENA","EHR P+S",2012,2023,2022,9.61857088639898e-05,1.62304463697361e-06,-0.983125927373799,"varenicline"
"42","UK","OPCRD","primary",2011,2023,2022,0.00128358848661403,2.45978796848755e-05,-0.980836631099924,"varenicline"
"43","Spain","SIDIAP","primary",2011,2023,2022,0.00304734373189479,8.17239162873264e-05,-0.973181917277014,"varenicline"
"44","Spain","HULAFE","EHR P+S",2011,2023,2022,0.00133783180273689,3.82532715662601e-05,-0.971406516508276,"varenicline"
"45","UK","CPRD Aurum","primary",2011,2023,2022,0.00113603932781247,3.53323989429085e-05,-0.968898612857934,"varenicline"
"46","UK","THIN UK","primary",2011,2023,2022,0.00143970698984557,6.01936716673007e-05,-0.958190331718986,"varenicline"
"47","Netherlands","IPCI","primary",2011,2023,2022,0.00267688516341728,0.000116289688322273,-0.956557834489314,"varenicline"
"48","UK","CPRD GOLD","primary",2011,2023,2022,0.00129466131749263,5.71264337436918e-05,-0.955875383799735,"varenicline"
"49","Belgium","AZGR","secondary",2018,2023,2022,0.00126604345051845,5.9175099118291e-05,-0.953259819720991,"varenicline"
"50","UK","THIN UK","primary",2011,2023,2023,0.0348732595053595,0.00189566040353942,-0.945641433280761,"amoxicillin"
"51","UK","THIN UK","primary",2011,2023,2023,0.0348732595053595,0.00189566040353942,-0.945641433280761,"amoxicillin"
"52","UK","THIN UK","primary",2011,2023,2023,0.00801694009512836,0.00045683707923134,-0.943016029331572,"amoxicillin plus clavulanate"
"53","UK","THIN UK","primary",2011,2023,2023,0.00801694009512836,0.00045683707923134,-0.943016029331572,"amoxicillin plus clavulanate"
"54","Belgium","THIN Belgium","primary",2011,2023,2022,0.00235880135282434,0.00029384997325385,-0.875424027164473,"varenicline"
"55","Spain","THIN Spain","primary",2010,2023,2023,0.0386551586998855,0.00581732998218687,-0.849507021110636,"amoxicillin"
"56","Spain","THIN Spain","primary",2010,2023,2023,0.0386551586998855,0.00581732998218687,-0.849507021110636,"amoxicillin"
"57","Spain","THIN Spain","primary",2010,2023,2023,0.0765618449633322,0.0121519728654742,-0.841278996459736,"amoxicillin plus clavulanate"
"58","Spain","THIN Spain","primary",2010,2023,2023,0.0765618449633322,0.0121519728654742,-0.841278996459736,"amoxicillin plus clavulanate"
"59","UK","CPRD Aurum","primary",2011,2023,2023,1.2558955343048e-06,2.48178216777468e-07,-0.802389442434918,"alteplase"
"60","USA","P+","claims P+S",2015,2023,2017,1.80124013443999e-06,3.73236200404574e-07,-0.792789315945032,"cytarabine liposomal"
"61","USA","Clinformatics","claims P+S",2016,2022,2017,1.76566141676672e-06,3.8034712655989e-07,-0.78458660140154,"cytarabine liposomal"
"62","Greece","PGH","secondary",2011,2023,2023,0.000664310715843867,0.000160359204618345,-0.758608132017496,"alteplase"
"63","Romania","THIN Romania","primary",2011,2023,2023,0.0968717730138961,0.0234442281049912,-0.757987003070253,"amoxicillin"
"64","Romania","THIN Romania","primary",2011,2023,2023,0.0968717730138961,0.0234442281049912,-0.757987003070253,"amoxicillin"
"65","Germany","InGef RDB","claims P+S",2013,2023,2023,7.83946175222053e-05,2.1257821573034e-05,-0.728835700142134,"alteplase"
"66","Belgium","OLVA MS","secondary",2015,2023,2017,0.00137303024314411,0.000385807795410238,-0.719009980052024,"ganirelix"
"67","USA","MarketScan","claims P+S",2016,2022,2017,2.00083663554746e-06,5.85491269415656e-07,-0.707376774788284,"cytarabine liposomal"
"68","Germany","InGef RDB","claims P+S",2013,2023,2023,0.00626041247203515,0.00193185115347923,-0.691417911821516,"amoxicillin plus clavulanate"
"69","Germany","InGef RDB","claims P+S",2013,2023,2023,0.00626041247203515,0.00193185115347923,-0.691417911821516,"amoxicillin plus clavulanate"
"70","USA","P+","claims P+S",2015,2023,2023,0.000409974410724787,0.00013468679713473,-0.671475112564661,"alteplase"
"71","France","THIN France","primary",2011,2023,2022,0.000502814539859973,0.00016721739300502,-0.66743723629872,"varenicline"
"72","UK","CPRD Aurum","primary",2011,2023,2021,2.4001532071848e-07,8.2726072259156e-08,-0.655330034718127,"ceftozolane plus tazobactam"
"73","UK","CPRD Aurum","primary",2011,2023,2021,2.4001532071848e-07,8.2726072259156e-08,-0.655330034718127,"ceftozolane plus tazobactam"
"74","Finland","TAUH","secondary",2011,2023,2015,6.22236494612665e-05,2.32615503662056e-05,-0.62616222983376,"tigecycline"
"75","Finland","TAUH","secondary",2011,2023,2015,6.22236494612665e-05,2.32615503662056e-05,-0.62616222983376,"tigecycline"
"76","France","THIN France","primary",2011,2023,2023,0.0189671220838071,0.00736535721007771,-0.611677661084611,"amoxicillin plus clavulanate"
"77","France","THIN France","primary",2011,2023,2023,0.0189671220838071,0.00736535721007771,-0.611677661084611,"amoxicillin plus clavulanate"
"78","France","THIN France","primary",2011,2023,2023,0.0479390066622369,0.0188069694280874,-0.607689630271328,"amoxicillin"
"79","France","THIN France","primary",2011,2023,2023,0.0479390066622369,0.0188069694280874,-0.607689630271328,"amoxicillin"
"80","UK","OPCRD","primary",2011,2023,2017,1.98945466519497e-07,7.88905464669263e-08,-0.603456425285294,"cytarabine liposomal"
"81","USA","P+","claims P+S",2015,2023,2022,0.0024149397371452,0.000968988139128855,-0.598752662758228,"varenicline"
"82","UK","THIN UK","primary",2011,2023,2015,5.97512925219639e-07,2.42818697719617e-07,-0.593617665039866,"tigecycline"
"83","UK","THIN UK","primary",2011,2023,2015,5.97512925219639e-07,2.42818697719617e-07,-0.593617665039866,"tigecycline"
"84","USA","MarketScan","claims P+S",2016,2022,2022,0.00279430697806262,0.00115211078617557,-0.587693551488618,"varenicline"
"85","Germany","UM DRESDEN","secondary",2018,2023,2023,0.000395570059783383,0.00016580173428614,-0.58085368145169,"alteplase"
"86","Italy","THIN Italy","primary",2011,2023,2023,0.0244461331290393,0.010986787355077,-0.550571564955362,"amoxicillin"
"87","Italy","THIN Italy","primary",2011,2023,2023,0.0244461331290393,0.010986787355077,-0.550571564955362,"amoxicillin"
"88","UK","CPRD Aurum","primary",2011,2023,2017,2.55888095935566e-07,1.20917254269462e-07,-0.527460416525554,"cytarabine liposomal"
"89","USA","P+","claims P+S",2015,2023,2023,0.0351984374343513,0.0177288529144176,-0.496317046815395,"amoxicillin plus clavulanate"
"90","USA","P+","claims P+S",2015,2023,2023,0.0351984374343513,0.0177288529144176,-0.496317046815395,"amoxicillin plus clavulanate"
"91","Belgium","THIN Belgium","primary",2011,2023,2023,0.0341011358316534,0.0172186416523089,-0.4950713155916,"amoxicillin plus clavulanate"
"92","Belgium","THIN Belgium","primary",2011,2023,2023,0.0341011358316534,0.0172186416523089,-0.4950713155916,"amoxicillin plus clavulanate"
"93","Italy","POLIMI","secondary",2011,2023,2021,4.37294882452116e-05,2.22675837818851e-05,-0.4907879173655,"ceftozolane plus tazobactam"
"94","Italy","POLIMI","secondary",2011,2023,2021,4.37294882452116e-05,2.22675837818851e-05,-0.4907879173655,"ceftozolane plus tazobactam"
"95","USA","P+","claims P+S",2015,2023,2023,0.0491531264411264,0.0251429633333899,-0.488476824286954,"amoxicillin"
"96","USA","P+","claims P+S",2015,2023,2023,0.0491531264411264,0.0251429633333899,-0.488476824286954,"amoxicillin"
"97","UK","CPRD Aurum","primary",2011,2023,2023,0.0119978325474361,0.00614873940977016,-0.487512483153959,"amoxicillin plus clavulanate"
"98","UK","CPRD Aurum","primary",2011,2023,2023,0.0119978325474361,0.00614873940977016,-0.487512483153959,"amoxicillin plus clavulanate"
"99","Finland","TAUH","secondary",2011,2023,2022,0.000538419669997433,0.00027650184917162,-0.486456634890516,"varenicline"
"100","Italy","THIN Italy","primary",2011,2023,2023,0.127372770347512,0.0662513252545059,-0.479862728322921,"amoxicillin plus clavulanate"
"101","Italy","THIN Italy","primary",2011,2023,2023,0.127372770347512,0.0662513252545059,-0.479862728322921,"amoxicillin plus clavulanate"
"102","USA","P+","claims P+S",2015,2023,2023,1.43703547006584e-05,7.81708510411203e-06,-0.456026989803258,"tenecteplase"
"103","Belgium","OLVA MS","secondary",2015,2023,2018,7.89141414141414e-05,4.47908268386634e-05,-0.432410642300457,"c1 esterase inhibitor"
"104","Germany","InGef RDB","claims P+S",2013,2023,2022,1.82783009485975e-06,1.03787257829642e-06,-0.432183231244993,"verteporfin"
"105","USA","MarketScan","claims P+S",2016,2022,2021,3.24467674875413e-06,1.85842287208436e-06,-0.427239439861628,"ceftozolane plus tazobactam"
"106","USA","MarketScan","claims P+S",2016,2022,2021,3.24467674875413e-06,1.85842287208436e-06,-0.427239439861628,"ceftozolane plus tazobactam"
"107","Belgium","THIN Belgium","primary",2011,2023,2023,0.0374796788770381,0.0215206432263416,-0.425805026319843,"amoxicillin"
"108","Belgium","THIN Belgium","primary",2011,2023,2023,0.0374796788770381,0.0215206432263416,-0.425805026319843,"amoxicillin"
"109","UK","OPCRD","primary",2011,2023,2023,8.40834603578281e-07,4.84113453924381e-07,-0.424246514279773,"alteplase"
"110","USA","Clinformatics","claims P+S",2016,2022,2022,0.00279696501559184,0.00165044456318285,-0.409915907427389,"varenicline"
"111","UK","CPRD GOLD","primary",2011,2023,2023,0.0130724816634142,0.00785414566870798,-0.399184801253973,"amoxicillin plus clavulanate"
"112","UK","CPRD GOLD","primary",2011,2023,2023,0.0130724816634142,0.00785414566870798,-0.399184801253973,"amoxicillin plus clavulanate"
"113","Estonia","MAITT","claims P+S",2012,2019,2017,0.000614955781074997,0.00037414551725847,-0.391589560139705,"ganirelix"
"114","USA","P+","claims P+S",2015,2023,2022,1.08076786301257e-05,6.6029921353557e-06,-0.389046217848269,"verteporfin"
"115","Germany","InGef RDB","claims P+S",2013,2023,2023,0.0751750323105862,0.0463856855050747,-0.382964209267887,"amoxicillin"
"116","Germany","InGef RDB","claims P+S",2013,2023,2023,0.0751750323105862,0.0463856855050747,-0.382964209267887,"amoxicillin"
"117","Spain","SIDIAP","primary",2011,2023,2023,0.0590960710888448,0.0364681121613702,-0.382901240481044,"amoxicillin plus clavulanate"
"118","Spain","SIDIAP","primary",2011,2023,2023,0.0590960710888448,0.0364681121613702,-0.382901240481044,"amoxicillin plus clavulanate"
"119","Greece","PGH","secondary",2011,2023,2023,0.00440083949876431,0.00272610647851187,-0.380548534142788,"amoxicillin"
"120","Greece","PGH","secondary",2011,2023,2023,0.00440083949876431,0.00272610647851187,-0.380548534142788,"amoxicillin"
"121","Serbia","CHCZ","secondary",2011,2023,2023,3.83674426256242e-05,2.3831511215705e-05,-0.378861097200448,"alteplase"
"122","Romania","THIN Romania","primary",2011,2023,2023,0.034757436962512,0.0217265136481072,-0.374910363168017,"amoxicillin plus clavulanate"
"123","Romania","THIN Romania","primary",2011,2023,2023,0.034757436962512,0.0217265136481072,-0.374910363168017,"amoxicillin plus clavulanate"
"124","Spain","BARDENA","EHR P+S",2012,2023,2023,0.0290456820022709,0.0187058155029611,-0.355986356199223,"amoxicillin plus clavulanate"
"125","Spain","BARDENA","EHR P+S",2012,2023,2023,0.0290456820022709,0.0187058155029611,-0.355986356199223,"amoxicillin plus clavulanate"
"126","UK","THIN UK","primary",2011,2023,2018,5.51430653692495e-07,3.65595289670288e-07,-0.337005864251135,"arsenic trioxide"
"127","USA","P+","claims P+S",2015,2023,2017,0.000111254028468778,7.51028910529181e-05,-0.324942277717208,"ganirelix"
"128","Finland","HUS","secondary",2011,2023,2015,9.70489110399068e-05,6.5539283047985e-05,-0.324677810954158,"tigecycline"
"129","Finland","HUS","secondary",2011,2023,2015,9.70489110399068e-05,6.5539283047985e-05,-0.324677810954158,"tigecycline"
"130","Netherlands","IPCI","primary",2011,2023,2023,0.0228364361694223,0.015562087940273,-0.318541307197906,"amoxicillin plus clavulanate"
"131","Netherlands","IPCI","primary",2011,2023,2023,0.0228364361694223,0.015562087940273,-0.318541307197906,"amoxicillin plus clavulanate"
"132","UK","CPRD GOLD","primary",2011,2023,2015,5.72570084617861e-07,3.91613207515298e-07,-0.316043191853684,"tigecycline"
"133","UK","CPRD GOLD","primary",2011,2023,2015,5.72570084617861e-07,3.91613207515298e-07,-0.316043191853684,"tigecycline"
"134","UK","CPRD Aurum","primary",2011,2023,2017,8.67604356102655e-08,5.93811216369428e-08,-0.315573726442693,"belatacept"
"135","Spain","BARDENA","EHR P+S",2012,2023,2023,2.79383704117972e-05,1.91536459877216e-05,-0.314432241200659,"alteplase"
"136","Netherlands","Viecuri","secondary",2018,2023,2023,0.0293108726598128,0.0201906898485698,-0.311153574889887,"amoxicillin plus clavulanate"
"137","Netherlands","Viecuri","secondary",2018,2023,2023,0.0293108726598128,0.0201906898485698,-0.311153574889887,"amoxicillin plus clavulanate"
"138","UK","OPCRD","primary",2011,2023,2018,7.29319945492479e-07,5.09492418454815e-07,-0.301414390757165,"c1 esterase inhibitor"
"139","Sweden","MEB KI","EHR P+S",2011,2023,2023,0.0258048174765957,0.018237898566994,-0.293236676309171,"amoxicillin"
"140","Sweden","MEB KI","EHR P+S",2011,2023,2023,0.0258048174765957,0.018237898566994,-0.293236676309171,"amoxicillin"
"141","UK","CPRD Aurum","primary",2011,2023,2017,2.55888095935566e-07,1.81253698730881e-07,-0.291668109576612,"ganirelix"
"142","Germany","InGef RDB","claims P+S",2013,2023,2015,6.24534937523388e-07,4.55949877489551e-07,-0.269936956133096,"tigecycline"
"143","Germany","InGef RDB","claims P+S",2013,2023,2015,6.24534937523388e-07,4.55949877489551e-07,-0.269936956133096,"tigecycline"
"144","Netherlands","Viecuri","secondary",2018,2023,2023,0.0126445122658149,0.0092540661805945,-0.268135774156084,"amoxicillin"
"145","Netherlands","Viecuri","secondary",2018,2023,2023,0.0126445122658149,0.0092540661805945,-0.268135774156084,"amoxicillin"
"146","Italy","INT","secondary",2011,2023,2023,0.0187836253007368,0.0139840557261995,-0.255518809478649,"amoxicillin"
"147","Italy","INT","secondary",2011,2023,2023,0.0187836253007368,0.0139840557261995,-0.255518809478649,"amoxicillin"
"148","Portugal","ULSGE","secondary",2011,2023,2023,0.00328296655028987,0.00244896803601257,-0.254038078518851,"amoxicillin"
"149","Portugal","ULSGE","secondary",2011,2023,2023,0.00328296655028987,0.00244896803601257,-0.254038078518851,"amoxicillin"
"150","UK","CPRD Aurum","primary",2011,2023,2023,0.062187486134072,0.0467719769566526,-0.247887640033955,"amoxicillin"
"151","UK","CPRD Aurum","primary",2011,2023,2023,0.062187486134072,0.0467719769566526,-0.247887640033955,"amoxicillin"
"152","Spain","BARDENA","EHR P+S",2012,2023,2023,4.83712771102586e-06,3.64831352147078e-06,-0.245768617364654,"tenecteplase"
"153","Germany","UM DRESDEN","secondary",2018,2023,2023,0.00149530297015823,0.00115729610531726,-0.226045738948278,"amoxicillin"
"154","Germany","UM DRESDEN","secondary",2018,2023,2023,0.00149530297015823,0.00115729610531726,-0.226045738948278,"amoxicillin"
"155","Netherlands","IPCI","primary",2011,2023,2023,0.0380733749883126,0.0297669816644018,-0.218168032817174,"amoxicillin"
"156","Netherlands","IPCI","primary",2011,2023,2023,0.0380733749883126,0.0297669816644018,-0.218168032817174,"amoxicillin"
"157","UK","CPRD Aurum","primary",2011,2023,2018,9.0296241256255e-07,7.15776469334721e-07,-0.207302032314509,"c1 esterase inhibitor"
"158","Sweden","SCIFI-PEARL","EHR P+S",2011,2023,2023,0.0141672404616209,0.0112475349584085,-0.20608851181159,"amoxicillin"
"159","Sweden","SCIFI-PEARL","EHR P+S",2011,2023,2023,0.0141672404616209,0.0112475349584085,-0.20608851181159,"amoxicillin"
"160","France","AP-HM","secondary",2014,2023,2017,4.85390900878164e-06,3.86000647614219e-06,-0.204763321859,"ganirelix"
"161","USA","P+","claims P+S",2015,2023,2022,2.00612729145701e-05,1.59870616088188e-05,-0.203088374456652,"sarilumab"
"162","Finland","HUS","secondary",2011,2023,2022,0.00497823553362532,0.00399263540426537,-0.1979818196031,"varenicline"
"163","UK","CPRD GOLD","primary",2011,2023,2023,0.0740539580152284,0.0600120166670195,-0.189617702072337,"amoxicillin"
"164","UK","CPRD GOLD","primary",2011,2023,2023,0.0740539580152284,0.0600120166670195,-0.189617702072337,"amoxicillin"
"165","USA","Clinformatics","claims P+S",2016,2022,2022,2.38567815771825e-05,1.93868495470246e-05,-0.187365257786201,"verteporfin"
"166","Sweden","MEB KI","EHR P+S",2011,2023,2015,9.47641130710357e-07,7.89050638172195e-07,-0.167352901218293,"tigecycline"
"167","Sweden","MEB KI","EHR P+S",2011,2023,2015,9.47641130710357e-07,7.89050638172195e-07,-0.167352901218293,"tigecycline"
"168","USA","Clinformatics","claims P+S",2016,2022,2017,8.407664216898e-05,7.13412129652682e-05,-0.151474046479112,"ganirelix"
"169","France","AP-HM","secondary",2014,2023,2018,9.61610004277676e-06,8.1804486410907e-06,-0.149296637441336,"c1 esterase inhibitor"
"170","UK","CPRD GOLD","primary",2011,2023,2022,7.02368350413862e-07,6.02712628728117e-07,-0.141885268074828,"sarilumab"
"171","UK","OPCRD","primary",2011,2023,2017,2.93182428659091e-07,2.52662922323459e-07,-0.138205780342819,"ganirelix"
"172","Hungary","SUCD","secondary",2011,2022,2018,0.00015306278748633,0.000132906317262175,-0.131687594059759,"c1 esterase inhibitor"
"173","USA","MarketScan","claims P+S",2016,2022,2017,0.00014080887822665,0.000122362688766197,-0.131001607943792,"ganirelix"
"174","Spain","SIDIAP","primary",2011,2023,2023,0.0561586166039479,0.0495168559536924,-0.118267882150583,"amoxicillin"
"175","Spain","SIDIAP","primary",2011,2023,2023,0.0561586166039479,0.0495168559536924,-0.118267882150583,"amoxicillin"
"176","Spain","ATENEA","secondary",2011,2023,2023,8.99743854015568e-05,8.02493507827522e-05,-0.108086702403153,"alteplase"
"177","USA","P+","claims P+S",2015,2023,2018,7.02180371578205e-06,6.31992995164592e-06,-0.0999563349454815,"c1 esterase inhibitor"
"178","Spain","BARDENA","EHR P+S",2012,2023,2023,0.0162667820754338,0.0147574281943493,-0.0927874901185224,"amoxicillin"
"179","Spain","BARDENA","EHR P+S",2012,2023,2023,0.0162667820754338,0.0147574281943493,-0.0927874901185224,"amoxicillin"
"180","Netherlands","IPCI","primary",2011,2023,2017,3.99716365558156e-05,3.6913268773487e-05,-0.0765134491818458,"ganirelix"
"181","Sweden","MEB KI","EHR P+S",2011,2023,2018,7.08696970447031e-06,6.56014397207628e-06,-0.0743372350049302,"c1 esterase inhibitor"
"182","Finland","HUS","secondary",2011,2023,2014,1.13383146591315e-05,1.05551036877803e-05,-0.0690764893105541,"imiglucerase"
"183","UK","CPRD Aurum","primary",2011,2023,2015,2.6383975534808e-07,2.48718322337913e-07,-0.0573129435714396,"tigecycline"
"184","UK","CPRD Aurum","primary",2011,2023,2015,2.6383975534808e-07,2.48718322337913e-07,-0.0573129435714396,"tigecycline"
"185","Germany","InGef RDB","claims P+S",2013,2023,2018,1.49871573031442e-05,1.4155372487827e-05,-0.055499838861553,"c1 esterase inhibitor"
"186","USA","MarketScan","claims P+S",2016,2022,2022,1.18015899484074e-05,1.11496321371851e-05,-0.0552432184199309,"verteporfin"
"187","UK","OPCRD","primary",2011,2023,2022,2.06905695774072e-06,1.96051219983643e-06,-0.0524609810755577,"sarilumab"
"188","Spain","ATENEA","secondary",2011,2023,2023,1.34547039202859e-05,1.28398961252403e-05,-0.045694635771105,"tenecteplase"
"189","Germany","CHA CAN","secondary",2011,2023,2018,0.000142360103063447,0.000137162318238537,-0.0365115275492188,"arsenic trioxide"
"190","France","THIN France","primary",2011,2023,2022,6.67656372999771e-06,6.44432886763128e-06,-0.0347835910444476,"sarilumab"
"191","Spain","ATENEA","secondary",2011,2023,2017,1.21202166403229e-05,1.17353640627687e-05,-0.0317529454278808,"ganirelix"
"192","Spain","HULAFE","EHR P+S",2011,2023,2022,2.04343395187772e-05,2.00282997098224e-05,-0.0198704640579005,"sarilumab"
"193","USA","P+","claims P+S",2015,2023,2021,3.35224650805121e-06,3.2961323202635e-06,-0.0167392784668227,"ceftozolane plus tazobactam"
"194","USA","P+","claims P+S",2015,2023,2021,3.35224650805121e-06,3.2961323202635e-06,-0.0167392784668227,"ceftozolane plus tazobactam"
"195","UK","CPRD GOLD","primary",2011,2023,2018,7.57339959313271e-07,7.54331624185377e-07,-0.00397223874285157,"c1 esterase inhibitor"
"196","France","AP-HM","secondary",2014,2023,2023,0.000397915941310053,0.00040111341621766,0.00803555368271924,"alteplase"
"197","USA","MarketScan","claims P+S",2016,2022,2022,3.8703546801291e-05,3.90773164808073e-05,0.00965724618044139,"sarilumab"
"198","Finland","HUS","secondary",2011,2023,2018,1.04954652309568e-05,1.06886047826999e-05,0.0184021906121392,"arsenic trioxide"
"199","USA","MarketScan","claims P+S",2016,2022,2018,9.40048301362037e-06,9.58262490485142e-06,0.0193758013250112,"c1 esterase inhibitor"
"200","Germany","InGef RDB","claims P+S",2013,2023,2014,1.72032732511622e-06,1.75878326249037e-06,0.0223538490685498,"imiglucerase"
"201","Finland","TAUH","secondary",2011,2023,2018,2.32316405287451e-05,2.38921995112709e-05,0.0284335917520966,"c1 esterase inhibitor"
"202","Netherlands","IPCI","primary",2011,2023,2018,1.03999980687864e-05,1.08277592585812e-05,0.041130891271864,"c1 esterase inhibitor"
"203","USA","Clinformatics","claims P+S",2016,2022,2018,7.58144977448131e-06,8.08071502267384e-06,0.0658535323775431,"c1 esterase inhibitor"
"204","USA","P+","claims P+S",2015,2023,2018,3.11776654882735e-06,3.34817819228515e-06,0.0739027890155715,"arsenic trioxide"
"205","Spain","PRISIB","EHR P+S",2011,2023,2023,0.0561572809350615,0.06062523285211,0.079561400456962,"amoxicillin plus clavulanate"
"206","Spain","PRISIB","EHR P+S",2011,2023,2023,0.0561572809350615,0.06062523285211,0.079561400456962,"amoxicillin plus clavulanate"
"207","France","AP-HM","secondary",2014,2023,2015,6.7316378291988e-05,7.32854108779654e-05,0.0886713269107624,"tigecycline"
"208","France","AP-HM","secondary",2014,2023,2015,6.7316378291988e-05,7.32854108779654e-05,0.0886713269107624,"tigecycline"
"209","Italy","COMNET MODENA","secondary",2011,2023,2022,0.00651073973627677,0.00717253885202944,0.101647300085616,"verteporfin"
"210","Sweden","MEB KI","EHR P+S",2011,2023,2014,1.40222971951395e-06,1.55419153700658e-06,0.108371556655712,"agalsidase beta"
"211","Sweden","MEB KI","EHR P+S",2011,2023,2014,1.40222971951395e-06,1.55419153700658e-06,0.108371556655712,"imiglucerase"
"212","USA","MarketScan","claims P+S",2016,2022,2018,2.99837706823908e-06,3.3323158843559e-06,0.111373189067558,"arsenic trioxide"
"213","France","AP-HM","secondary",2014,2023,2021,1.38384622200726e-05,1.54914762460642e-05,0.119450701942436,"ceftozolane plus tazobactam"
"214","France","AP-HM","secondary",2014,2023,2021,1.38384622200726e-05,1.54914762460642e-05,0.119450701942436,"ceftozolane plus tazobactam"
"215","UK","CPRD GOLD","primary",2011,2023,2014,1.88297215103018e-07,2.12401891566286e-07,0.128013982841326,"agalsidase beta"
"216","Germany","InGef RDB","claims P+S",2013,2023,2022,3.92940166363914e-05,4.4447324869524e-05,0.131147402944802,"sarilumab"
"217","Spain","ATENEA","secondary",2011,2023,2023,0.00770709962685851,0.00876964905353916,0.137866315231967,"amoxicillin"
"218","Spain","ATENEA","secondary",2011,2023,2023,0.00770709962685851,0.00876964905353916,0.137866315231967,"amoxicillin"
"219","Sweden","MEB KI","EHR P+S",2011,2023,2023,1.97294313705671e-06,2.26213508226537e-06,0.146578955965289,"alteplase"
"220","Portugal","ULSRA","secondary",2011,2023,2023,0.0116870448308412,0.0134502804134134,0.150870952246124,"amoxicillin"
"221","Portugal","ULSRA","secondary",2011,2023,2023,0.0116870448308412,0.0134502804134134,0.150870952246124,"amoxicillin"
"222","UK","CPRD Aurum","primary",2011,2023,2022,2.97608272819177e-06,3.45391748300524e-06,0.160558290361706,"sarilumab"
"223","Greece","PGH","secondary",2011,2023,2015,0.00159620127211879,0.00185383463741014,0.16140405962048,"tigecycline"
"224","Greece","PGH","secondary",2011,2023,2015,0.00159620127211879,0.00185383463741014,0.16140405962048,"tigecycline"
"225","Spain","BARDENA","EHR P+S",2012,2023,2022,8.55099170575313e-06,9.93937994560344e-06,0.162365756818147,"verteporfin"
"226","Spain","IMASIS","secondary",2011,2023,2023,0.00031094082334025,0.00036369215731958,0.169650718141974,"alteplase"
"227","USA","Clinformatics","claims P+S",2016,2022,2018,2.8285687458326e-06,3.32404909374675e-06,0.175169986108403,"arsenic trioxide"
"228","USA","Clinformatics","claims P+S",2016,2022,2022,2.47935682616202e-05,2.92494862243139e-05,0.179720720941621,"sarilumab"
"229","Greece","PGH","secondary",2011,2023,2018,2.42997680107908e-05,2.97626956677948e-05,0.224813984009153,"c1 esterase inhibitor"
"230","Italy","POLIMI","secondary",2011,2023,2023,6.69894256113709e-05,8.29806655049374e-05,0.238712897559941,"amoxicillin"
"231","Italy","POLIMI","secondary",2011,2023,2023,6.69894256113709e-05,8.29806655049374e-05,0.238712897559941,"amoxicillin"
"232","Portugal","ULSGE","secondary",2011,2023,2023,0.0184533134781413,0.022960844823193,0.244266773573809,"amoxicillin plus clavulanate"
"233","Portugal","ULSGE","secondary",2011,2023,2023,0.0184533134781413,0.022960844823193,0.244266773573809,"amoxicillin plus clavulanate"
"234","Spain","IMASIS","secondary",2011,2023,2023,0.0398044245836049,0.0498201428628255,0.251623239978853,"amoxicillin plus clavulanate"
"235","Spain","IMASIS","secondary",2011,2023,2023,0.0398044245836049,0.0498201428628255,0.251623239978853,"amoxicillin plus clavulanate"
"236","Spain","PRISIB","EHR P+S",2011,2023,2023,0.0292061316386842,0.0365832363062233,0.252587530550194,"amoxicillin"
"237","Spain","PRISIB","EHR P+S",2011,2023,2023,0.0292061316386842,0.0365832363062233,0.252587530550194,"amoxicillin"
"238","UK","THIN UK","primary",2011,2023,2014,5.79656995445086e-07,7.41587408635952e-07,0.27935557487153,"imiglucerase"
"239","UK","CPRD GOLD","primary",2011,2023,2014,5.57644071213538e-07,7.16666274433888e-07,0.285167925975234,"imiglucerase"
"240","Netherlands","IPCI","primary",2011,2023,2022,7.33234858908962e-06,9.49257821585706e-06,0.294616329341163,"sarilumab"
"241","Italy","POLIMI","secondary",2011,2023,2023,0.00395617323289301,0.00514019122433362,0.299283656639773,"amoxicillin plus clavulanate"
"242","Italy","POLIMI","secondary",2011,2023,2023,0.00395617323289301,0.00514019122433362,0.299283656639773,"amoxicillin plus clavulanate"
"243","France","AP-HM","secondary",2014,2023,2022,5.13640914989316e-06,6.79260267245445e-06,0.322441899433914,"varenicline"
"244","Germany","InGef RDB","claims P+S",2013,2023,2014,1.8767207183086e-06,2.48192388520238e-06,0.322479077994737,"agalsidase beta"
"245","Finland","TAUH","secondary",2011,2023,2023,0.00042980422160022,0.00057984994350527,0.349102485188278,"alteplase"
"246","Spain","IMASIS","secondary",2011,2023,2023,0.0123984894163541,0.0168150795860729,0.35622002176274,"amoxicillin"
"247","Spain","IMASIS","secondary",2011,2023,2023,0.0123984894163541,0.0168150795860729,0.35622002176274,"amoxicillin"
"248","UK","OPCRD","primary",2011,2023,2023,0.0627616371963238,0.0858697449182006,0.368188414996132,"amoxicillin"
"249","UK","OPCRD","primary",2011,2023,2023,0.0627616371963238,0.0858697449182006,0.368188414996132,"amoxicillin"
"250","Finland","HUS","secondary",2011,2023,2023,0.00136670799797372,0.0018707094590056,0.368770404343222,"alteplase"
"251","Spain","IMASIS","secondary",2011,2023,2015,0.000173004904066437,0.000237391703441628,0.372167481162645,"tigecycline"
"252","Spain","IMASIS","secondary",2011,2023,2015,0.000173004904066437,0.000237391703441628,0.372167481162645,"tigecycline"
"253","Finland","HUS","secondary",2011,2023,2023,0.0489047408150608,0.0687326195306098,0.405438785383416,"amoxicillin"
"254","Finland","HUS","secondary",2011,2023,2023,0.0489047408150608,0.0687326195306098,0.405438785383416,"amoxicillin"
"255","Spain","PSSJD","secondary",2017,2023,2022,0.000111701935034458,0.000162546083098666,0.455176967601535,"verteporfin"
"256","Germany","InGef RDB","claims P+S",2013,2023,2017,0.00017334976202003,0.000253028870259595,0.459643597493709,"ganirelix"
"257","Portugal","ULSGE","secondary",2011,2023,2017,0.000609650499217963,0.000891421479464535,0.462184449300077,"ganirelix"
"258","Germany","InGef RDB","claims P+S",2013,2023,2018,9.10312761298885e-07,1.37183523784895e-06,0.506993306225362,"arsenic trioxide"
"259","UK","THIN UK","primary",2011,2023,2018,7.79771340737655e-07,1.19070073084057e-06,0.526987039193028,"c1 esterase inhibitor"
"260","Finland","HUS","secondary",2011,2023,2023,4.09846670394113e-05,6.38123513843922e-05,0.556981085707724,"tenecteplase"
"261","France","AP-HM","secondary",2014,2023,2023,0.00400519636179224,0.0062443097864211,0.559052096918139,"amoxicillin"
"262","France","AP-HM","secondary",2014,2023,2023,0.00400519636179224,0.0062443097864211,0.559052096918139,"amoxicillin"
"263","France","AP-HM","secondary",2014,2023,2023,0.01077843051701,0.0168113162490112,0.559718385944999,"amoxicillin plus clavulanate"
"264","France","AP-HM","secondary",2014,2023,2023,0.01077843051701,0.0168113162490112,0.559718385944999,"amoxicillin plus clavulanate"
"265","Spain","IMASIS","secondary",2011,2023,2022,7.776361588996e-05,0.000121375248295075,0.560823103529908,"sarilumab"
"266","Finland","TAUH","secondary",2011,2023,2023,0.00726647661561108,0.0114262953820642,0.572467096022341,"amoxicillin"
"267","Finland","TAUH","secondary",2011,2023,2023,0.00726647661561108,0.0114262953820642,0.572467096022341,"amoxicillin"
"268","USA","MarketScan","claims P+S",2016,2022,2017,1.14333522031284e-05,1.87879939547445e-05,0.64326206531132,"belatacept"
"269","Sweden","SCIFI-PEARL","EHR P+S",2011,2023,2022,4.46542735147203e-05,7.34507401881473e-05,0.644875941469168,"sarilumab"
"270","Spain","HULAFE","EHR P+S",2011,2023,2023,0.0379695238265596,0.0624778279959273,0.645473045206434,"amoxicillin plus clavulanate"
"271","Spain","HULAFE","EHR P+S",2011,2023,2023,0.0379695238265596,0.0624778279959273,0.645473045206434,"amoxicillin plus clavulanate"
"272","Israel","GMC","secondary",2011,2023,2023,0.00284285122387691,0.00474300468727748,0.668397082281802,"amoxicillin"
"273","Israel","GMC","secondary",2011,2023,2023,0.00284285122387691,0.00474300468727748,0.668397082281802,"amoxicillin"
"274","Portugal","ULSEDV","secondary",2011,2023,2023,0.00786233576919291,0.0133845554256445,0.70236375277807,"amoxicillin"
"275","Portugal","ULSEDV","secondary",2011,2023,2023,0.00786233576919291,0.0133845554256445,0.70236375277807,"amoxicillin"
"276","Portugal","ULSRA","secondary",2011,2023,2023,0.041091011999674,0.070926491382667,0.726082856835694,"amoxicillin plus clavulanate"
"277","Portugal","ULSRA","secondary",2011,2023,2023,0.041091011999674,0.070926491382667,0.726082856835694,"amoxicillin plus clavulanate"
"278","France","THIN France","primary",2011,2023,2018,2.03518033071477e-07,3.52522092837793e-07,0.732141803443947,"c1 esterase inhibitor"
"279","France","THIN France","primary",2011,2023,2017,9.34648684509491e-06,1.62595405112832e-05,0.739641940417036,"ganirelix"
"280","Finland","HUS","secondary",2011,2023,2018,1.65778097488527e-05,2.89767661744515e-05,0.747924883530336,"c1 esterase inhibitor"
"281","USA","Clinformatics","claims P+S",2016,2022,2021,6.47304296026181e-06,1.13724462582546e-05,0.756893369636251,"ceftozolane plus tazobactam"
"282","USA","Clinformatics","claims P+S",2016,2022,2021,6.47304296026181e-06,1.13724462582546e-05,0.756893369636251,"ceftozolane plus tazobactam"
"283","Finland","HUS","secondary",2011,2023,2022,0.000167724400141383,0.000295447988295625,0.761508689532215,"sarilumab"
"284","Israel","GMC","secondary",2011,2023,2023,0.0187288099229142,0.0330276592714596,0.763468122502071,"amoxicillin plus clavulanate"
"285","Israel","GMC","secondary",2011,2023,2023,0.0187288099229142,0.0330276592714596,0.763468122502071,"amoxicillin plus clavulanate"
"286","Spain","PSSJD","secondary",2017,2023,2023,0.00772681100985773,0.0137354923249719,0.777640517860267,"amoxicillin"
"287","Spain","PSSJD","secondary",2017,2023,2023,0.00772681100985773,0.0137354923249719,0.777640517860267,"amoxicillin"
"288","Portugal","ULSEDV","secondary",2011,2023,2023,0.0525718119984014,0.0960247202271588,0.826543856431631,"amoxicillin plus clavulanate"
"289","Portugal","ULSEDV","secondary",2011,2023,2023,0.0525718119984014,0.0960247202271588,0.826543856431631,"amoxicillin plus clavulanate"
"290","UK","THIN UK","primary",2011,2023,2022,1.26384271082794e-06,2.31701642848199e-06,0.833310750325984,"sarilumab"
"291","UK","OPCRD","primary",2011,2023,2017,9.42369621395937e-08,1.73772375856532e-07,0.843993820589446,"belatacept"
"292","Serbia","CHCZ","secondary",2011,2023,2023,0.00098699883769806,0.00182311060800143,0.847125384922845,"amoxicillin"
"293","Serbia","CHCZ","secondary",2011,2023,2023,0.00098699883769806,0.00182311060800143,0.847125384922845,"amoxicillin"
"294","Sweden","MEB KI","EHR P+S",2011,2023,2022,9.33586677679366e-05,0.00017804702366788,0.907129010350222,"sarilumab"
"295","Spain","HULAFE","EHR P+S",2011,2023,2023,0.0392727470814547,0.0784462780979761,0.997473666287525,"amoxicillin"
"296","Spain","HULAFE","EHR P+S",2011,2023,2023,0.0392727470814547,0.0784462780979761,0.997473666287525,"amoxicillin"
"297","Belgium","OLVA MS","secondary",2015,2023,2023,0.00378113285915712,0.00756468666723975,1.00064027079071,"alteplase"
"298","Belgium","OLVA MS","secondary",2015,2023,2023,0.175505730784027,0.360612051921259,1.05470243228137,"amoxicillin plus clavulanate"
"299","Belgium","OLVA MS","secondary",2015,2023,2023,0.175505730784027,0.360612051921259,1.05470243228137,"amoxicillin plus clavulanate"
"300","USA","Clinformatics","claims P+S",2016,2022,2017,8.51671977499242e-06,1.75935642521711e-05,1.06576765667821,"belatacept"
"301","Germany","InGef RDB","claims P+S",2013,2023,2017,2.90837974546418e-06,6.04686581376511e-06,1.07911838995427,"belatacept"
"302","Spain","SIDIAP","primary",2011,2023,2017,4.55318079062915e-05,9.96072885498264e-05,1.18764185149044,"ganirelix"
"303","USA","P+","claims P+S",2015,2023,2017,6.12910389496258e-06,1.34884206737556e-05,1.20071659820313,"belatacept"
"304","UK","THIN UK","primary",2011,2023,2017,2.09011870776948e-07,4.620629015606e-07,1.21070171681159,"belatacept"
"305","Spain","BARDENA","EHR P+S",2012,2023,2018,1.09334068058271e-06,2.4197710355192e-06,1.21319034267485,"arsenic trioxide"
"306","Finland","TAUH","secondary",2011,2023,2014,2.24407955710846e-06,4.98331100663625e-06,1.22064810084423,"agalsidase beta"
"307","UK","CPRD GOLD","primary",2011,2023,2017,4.16958868119003e-07,9.27387555886428e-07,1.22417036018465,"ganirelix"
"308","UK","OPCRD","primary",2011,2023,2023,0.0030709003744943,0.00690019008714768,1.24695992890488,"amoxicillin plus clavulanate"
"309","UK","OPCRD","primary",2011,2023,2023,0.0030709003744943,0.00690019008714768,1.24695992890488,"amoxicillin plus clavulanate"
"310","Spain","H12O","secondary",2011,2021,2015,9.38469513483036e-05,0.0002121403660233,1.26049288736042,"tigecycline"
"311","Spain","H12O","secondary",2011,2021,2015,9.38469513483036e-05,0.0002121403660233,1.26049288736042,"tigecycline"
"312","Finland","TAUH","secondary",2011,2023,2017,2.2042648115574e-06,5.00744245841875e-06,1.271706390341,"ganirelix"
"313","Belgium","OLVA MS","secondary",2015,2023,2023,0.0393334919207362,0.0901745035674375,1.29256288125028,"amoxicillin"
"314","Belgium","OLVA MS","secondary",2015,2023,2023,0.0393334919207362,0.0901745035674375,1.29256288125028,"amoxicillin"
"315","Israel","BZMC","secondary",2011,2023,2023,0.00438519557657063,0.0103942561610435,1.37030617666822,"amoxicillin"
"316","Israel","BZMC","secondary",2011,2023,2023,0.00438519557657063,0.0103942561610435,1.37030617666822,"amoxicillin"
"317","Israel","BZMC","secondary",2011,2023,2023,0.0125060079882624,0.0297231854345423,1.37671249390207,"amoxicillin plus clavulanate"
"318","Israel","BZMC","secondary",2011,2023,2023,0.0125060079882624,0.0297231854345423,1.37671249390207,"amoxicillin plus clavulanate"
"319","UK","THIN UK","primary",2011,2023,2017,4.37352557822107e-07,1.04434964501126e-06,1.3878896472261,"ganirelix"
"320","Netherlands","IPCI","primary",2011,2023,2014,1.28533630503087e-06,3.27297447986784e-06,1.5463954196713,"agalsidase beta"
"321","Spain","PSSJD","secondary",2017,2023,2018,1.35300146462409e-05,3.57795917861675e-05,1.64446068401769,"arsenic trioxide"
"322","Belgium","UZA","secondary",2018,2023,2023,0.016730171103138,0.0447264829645717,1.67340260233098,"amoxicillin"
"323","Belgium","UZA","secondary",2018,2023,2023,0.016730171103138,0.0447264829645717,1.67340260233098,"amoxicillin"
"324","Finland","TAUH","secondary",2011,2023,2022,1.49587233225003e-05,4.14713760795275e-05,1.77238740134647,"sarilumab"
"325","Finland","HUS","secondary",2011,2023,2017,0.000228552039376523,0.000653829324876548,1.86074596691483,"ganirelix"
"326","Spain","HULAFE","EHR P+S",2011,2023,2018,1.64521105795708e-06,4.7315506102997e-06,1.87595356681776,"c1 esterase inhibitor"
"327","Finland","HUS","secondary",2011,2023,2014,3.65008796712001e-06,1.05551036877803e-05,1.89173953692641,"agalsidase beta"
"328","Spain","IMASIS","secondary",2011,2023,2017,5.11380779242031e-06,1.66485954319202e-05,2.25561618811657,"ganirelix"
"329","Spain","IMASIS","secondary",2011,2023,2018,5.25048074714341e-06,1.73684401133442e-05,2.30797139343739,"arsenic trioxide"
"330","UK","OPCRD","primary",2011,2023,2015,9.01299726029669e-08,3.0917261794931e-07,2.43029748063113,"tigecycline"
"331","UK","OPCRD","primary",2011,2023,2015,9.01299726029669e-08,3.0917261794931e-07,2.43029748063113,"tigecycline"
"332","Spain","BARDENA","EHR P+S",2012,2023,2015,2.51952994147825e-05,9.04946311778095e-05,2.59172676172742,"tigecycline"
"333","Spain","BARDENA","EHR P+S",2012,2023,2015,2.51952994147825e-05,9.04946311778095e-05,2.59172676172742,"tigecycline"
"334","Finland","HUS","secondary",2011,2023,2022,6.40465046304415e-05,0.00023820612338419,2.71926812803723,"verteporfin"
"335","UK","THIN UK","primary",2011,2023,2014,1.97003333050141e-07,7.41587408635952e-07,2.76433940052783,"agalsidase beta"
"336","Belgium","UZA","secondary",2018,2023,2023,5.45180096894582e-05,0.000271480928464775,3.97965589740284,"alteplase"
"337","Spain","HULAFE","EHR P+S",2011,2023,2022,1.47663483780274e-06,7.41101150151939e-06,4.0188518595072,"verteporfin"
"338","Netherlands","NCR","registry",2011,2023,2018,4.53287667363191e-06,2.86838354136712e-05,5.32795407396085,"arsenic trioxide"
"339","Spain","BARDENA","EHR P+S",2012,2023,2017,2.65261134959036e-05,0.000218125424165595,7.22304497035648,"ganirelix"
"340","Italy","INT","secondary",2011,2023,2015,1.07024556784554e-05,0.000185462602119025,16.3289764228943,"tigecycline"
"341","Italy","INT","secondary",2011,2023,2015,1.07024556784554e-05,0.000185462602119025,16.3289764228943,"tigecycline"
"342","Spain","HULAFE","EHR P+S",2011,2023,2017,1.64521105795708e-06,0.000137437263602841,82.537770390081,"ganirelix"
"343","France","AP-HM","secondary",2014,2023,2017,0,1.22752554173771e-06,Inf,"belatacept"
"344","Spain","ATENEA","secondary",2011,2023,2018,0,3.53714354435932e-06,Inf,"c1 esterase inhibitor"
"345","Spain","ATENEA","secondary",2011,2023,2015,0,2.27680423952616e-05,Inf,"tigecycline"
"346","Spain","ATENEA","secondary",2011,2023,2015,0,2.27680423952616e-05,Inf,"tigecycline"
"347","Spain","BARDENA","EHR P+S",2012,2023,2014,0,2.46326790941972e-06,Inf,"agalsidase beta"
"348","Spain","BARDENA","EHR P+S",2012,2023,2021,0,2.97558183445161e-06,Inf,"ceftozolane plus tazobactam"
"349","Spain","BARDENA","EHR P+S",2012,2023,2021,0,2.97558183445161e-06,Inf,"ceftozolane plus tazobactam"
"350","Italy","COMNET MODENA","secondary",2011,2023,2018,0,0.000266951414842499,Inf,"arsenic trioxide"
"351","UK","CPRD Aurum","primary",2011,2023,2014,0,2.53452204584193e-07,Inf,"agalsidase beta"
"352","UK","CPRD Aurum","primary",2011,2023,2018,0,1.19717566098362e-07,Inf,"arsenic trioxide"
"353","Spain","H12O","secondary",2011,2021,2018,0,5.15821761567192e-06,Inf,"arsenic trioxide"
"354","Spain","HULAFE","EHR P+S",2011,2023,2015,0,1.23390829346781e-06,Inf,"tigecycline"
"355","Spain","HULAFE","EHR P+S",2011,2023,2015,0,1.23390829346781e-06,Inf,"tigecycline"
"356","Spain","IMASIS","secondary",2011,2023,2014,0,7.77321640467279e-06,Inf,"agalsidase beta"
"357","Spain","IMASIS","secondary",2011,2023,2022,0,1.13653799162372e-05,Inf,"verteporfin"
"358","Netherlands","IPCI","primary",2011,2023,2014,0,2.35349089862641e-06,Inf,"imiglucerase"
"359","Netherlands","IPCI","primary",2011,2023,2015,0,1.57342329531067e-06,Inf,"tigecycline"
"360","Netherlands","IPCI","primary",2011,2023,2015,0,1.57342329531067e-06,Inf,"tigecycline"
"361","Sweden","MEB KI","EHR P+S",2011,2023,2017,0,4.35880838896263e-07,Inf,"ganirelix"
"362","Greece","PGH","secondary",2011,2023,2018,0,8.08721249959564e-06,Inf,"arsenic trioxide"
"363","Italy","POLIMI","secondary",2011,2023,2015,0,5.9956806783053e-05,Inf,"tigecycline"
"364","Italy","POLIMI","secondary",2011,2023,2015,0,5.9956806783053e-05,Inf,"tigecycline"
"365","Sweden","SCIFI-PEARL","EHR P+S",2011,2023,2018,0,1.04132002017487e-05,Inf,"c1 esterase inhibitor"
"366","Sweden","SCIFI-PEARL","EHR P+S",2011,2023,2017,0,0.000618280570462028,Inf,"ganirelix"
"367","Finland","TAUH","secondary",2011,2023,2014,0,4.98331100663625e-06,Inf,"imiglucerase"
"368","Belgium","THIN Belgium","primary",2011,2023,2017,0,1.43870815517331e-06,Inf,"ganirelix"
"369","Spain","THIN Spain","primary",2010,2023,2017,0,0.000232143963164621,Inf,"ganirelix"
"370","Portugal","ULSGE","secondary",2011,2023,2015,0,0.000122657552208385,Inf,"tigecycline"
"371","Portugal","ULSGE","secondary",2011,2023,2015,0,0.000122657552208385,Inf,"tigecycline"
"372","Italy","AOUPR","secondary",2011,2023,2014,0,0,NA,"agalsidase beta"
"373","Italy","AOUPR","secondary",2011,2023,2023,0,0,NA,"alteplase"
"374","Italy","AOUPR","secondary",2011,2023,2018,0,0,NA,"arsenic trioxide"
"375","Italy","AOUPR","secondary",2011,2023,2017,0,0,NA,"belatacept"
"376","Italy","AOUPR","secondary",2011,2023,2018,0,0,NA,"c1 esterase inhibitor"
"377","Italy","AOUPR","secondary",2011,2023,2021,0,0,NA,"ceftozolane plus tazobactam"
"378","Italy","AOUPR","secondary",2011,2023,2021,0,0,NA,"ceftozolane plus tazobactam"
"379","Italy","AOUPR","secondary",2011,2023,2017,0,0,NA,"cytarabine liposomal"
"380","Italy","AOUPR","secondary",2011,2023,2017,0,0,NA,"ganirelix"
"381","Italy","AOUPR","secondary",2011,2023,2014,0,0,NA,"imiglucerase"
"382","Italy","AOUPR","secondary",2011,2023,2022,0,0,NA,"sarilumab"
"383","Italy","AOUPR","secondary",2011,2023,2023,0,0,NA,"tenecteplase"
"384","Italy","AOUPR","secondary",2011,2023,2015,0,0,NA,"tigecycline"
"385","Italy","AOUPR","secondary",2011,2023,2015,0,0,NA,"tigecycline"
"386","Italy","AOUPR","secondary",2011,2023,2022,0,0,NA,"varenicline"
"387","Italy","AOUPR","secondary",2011,2023,2022,0,0,NA,"verteporfin"
"388","France","AP-HM","secondary",2014,2023,2014,NA,6.6762586550877e-06,NA,"agalsidase beta"
"389","France","AP-HM","secondary",2014,2023,2018,0,0,NA,"arsenic trioxide"
"390","France","AP-HM","secondary",2014,2023,2017,0,0,NA,"cytarabine liposomal"
"391","France","AP-HM","secondary",2014,2023,2014,NA,6.6762586550877e-06,NA,"imiglucerase"
"392","France","AP-HM","secondary",2014,2023,2022,0,0,NA,"verteporfin"
"393","Spain","ATENEA","secondary",2011,2023,2014,0,0,NA,"agalsidase beta"
"394","Spain","ATENEA","secondary",2011,2023,2023,0,0,NA,"amoxicillin plus clavulanate"
"395","Spain","ATENEA","secondary",2011,2023,2023,0,0,NA,"amoxicillin plus clavulanate"
"396","Spain","ATENEA","secondary",2011,2023,2018,0,0,NA,"arsenic trioxide"
"397","Spain","ATENEA","secondary",2011,2023,2017,0,0,NA,"belatacept"
"398","Spain","ATENEA","secondary",2011,2023,2021,0,0,NA,"ceftozolane plus tazobactam"
"399","Spain","ATENEA","secondary",2011,2023,2021,0,0,NA,"ceftozolane plus tazobactam"
"400","Spain","ATENEA","secondary",2011,2023,2017,0,0,NA,"cytarabine liposomal"
"401","Spain","ATENEA","secondary",2011,2023,2014,0,0,NA,"imiglucerase"
"402","Spain","ATENEA","secondary",2011,2023,2022,0,0,NA,"sarilumab"
"403","Spain","ATENEA","secondary",2011,2023,2022,0,0,NA,"varenicline"
"404","Spain","ATENEA","secondary",2011,2023,2022,0,0,NA,"verteporfin"
"405","Belgium","AZGR","secondary",2018,2023,2018,NA,0,NA,"arsenic trioxide"
"406","Belgium","AZGR","secondary",2018,2023,2017,NA,0,NA,"belatacept"
"407","Belgium","AZGR","secondary",2018,2023,2018,NA,0,NA,"c1 esterase inhibitor"
"408","Belgium","AZGR","secondary",2018,2023,2021,0,0,NA,"ceftozolane plus tazobactam"
"409","Belgium","AZGR","secondary",2018,2023,2021,0,0,NA,"ceftozolane plus tazobactam"
"410","Belgium","AZGR","secondary",2018,2023,2017,NA,0,NA,"cytarabine liposomal"
"411","Belgium","AZGR","secondary",2018,2023,2017,NA,0.000177394262455766,NA,"ganirelix"
"412","Belgium","AZGR","secondary",2018,2023,2023,0,0,NA,"tenecteplase"
"413","Belgium","AZGR","secondary",2018,2023,2015,NA,8.95475609483087e-05,NA,"tigecycline"
"414","Belgium","AZGR","secondary",2018,2023,2015,NA,8.95475609483087e-05,NA,"tigecycline"
"415","Belgium","AZGR","secondary",2018,2023,2022,0,0,NA,"verteporfin"
"416","Spain","BARDENA","EHR P+S",2012,2023,2017,0,0,NA,"belatacept"
"417","Spain","BARDENA","EHR P+S",2012,2023,2017,0,0,NA,"cytarabine liposomal"
"418","Spain","BARDENA","EHR P+S",2012,2023,2014,0,0,NA,"imiglucerase"
"419","Bulgaria","BDR","registry",2017,2018,2014,NA,0,NA,"agalsidase beta"
"420","Bulgaria","BDR","registry",2017,2018,2018,0,0,NA,"arsenic trioxide"
"421","Bulgaria","BDR","registry",2017,2018,2017,NA,0,NA,"belatacept"
"422","Bulgaria","BDR","registry",2017,2018,2018,0,0,NA,"c1 esterase inhibitor"
"423","Bulgaria","BDR","registry",2017,2018,2021,0,NA,NA,"ceftozolane plus tazobactam"
"424","Bulgaria","BDR","registry",2017,2018,2021,0,NA,NA,"ceftozolane plus tazobactam"
"425","Bulgaria","BDR","registry",2017,2018,2017,NA,0,NA,"cytarabine liposomal"
"426","Bulgaria","BDR","registry",2017,2018,2017,NA,0,NA,"ganirelix"
"427","Bulgaria","BDR","registry",2017,2018,2014,NA,0,NA,"imiglucerase"
"428","Bulgaria","BDR","registry",2017,2018,2015,NA,0,NA,"tigecycline"
"429","Bulgaria","BDR","registry",2017,2018,2015,NA,0,NA,"tigecycline"
"430","Israel","BZMC","secondary",2011,2023,2014,0,0,NA,"agalsidase beta"
"431","Israel","BZMC","secondary",2011,2023,2023,0,0,NA,"alteplase"
"432","Israel","BZMC","secondary",2011,2023,2018,0,0,NA,"arsenic trioxide"
"433","Israel","BZMC","secondary",2011,2023,2017,0,0,NA,"belatacept"
"434","Israel","BZMC","secondary",2011,2023,2018,0,0,NA,"c1 esterase inhibitor"
"435","Israel","BZMC","secondary",2011,2023,2021,0,0,NA,"ceftozolane plus tazobactam"
"436","Israel","BZMC","secondary",2011,2023,2021,0,0,NA,"ceftozolane plus tazobactam"
"437","Israel","BZMC","secondary",2011,2023,2017,0,0,NA,"cytarabine liposomal"
"438","Israel","BZMC","secondary",2011,2023,2017,0,0,NA,"ganirelix"
"439","Israel","BZMC","secondary",2011,2023,2014,0,0,NA,"imiglucerase"
"440","Israel","BZMC","secondary",2011,2023,2022,0,0,NA,"sarilumab"
"441","Israel","BZMC","secondary",2011,2023,2023,0,0,NA,"tenecteplase"
"442","Israel","BZMC","secondary",2011,2023,2015,0,0,NA,"tigecycline"
"443","Israel","BZMC","secondary",2011,2023,2015,0,0,NA,"tigecycline"
"444","Israel","BZMC","secondary",2011,2023,2022,0,0,NA,"varenicline"
"445","Israel","BZMC","secondary",2011,2023,2022,0,0,NA,"verteporfin"
"446","Germany","CHA CAN","secondary",2011,2023,2014,0,0,NA,"agalsidase beta"
"447","Germany","CHA CAN","secondary",2011,2023,2023,0,0,NA,"alteplase"
"448","Germany","CHA CAN","secondary",2011,2023,2023,0,0,NA,"amoxicillin"
"449","Germany","CHA CAN","secondary",2011,2023,2023,0,0,NA,"amoxicillin"
"450","Germany","CHA CAN","secondary",2011,2023,2023,0,0,NA,"amoxicillin plus clavulanate"
"451","Germany","CHA CAN","secondary",2011,2023,2023,0,0,NA,"amoxicillin plus clavulanate"
"452","Germany","CHA CAN","secondary",2011,2023,2017,0,0,NA,"belatacept"
"453","Germany","CHA CAN","secondary",2011,2023,2018,0,0,NA,"c1 esterase inhibitor"
"454","Germany","CHA CAN","secondary",2011,2023,2021,0,0,NA,"ceftozolane plus tazobactam"
"455","Germany","CHA CAN","secondary",2011,2023,2021,0,0,NA,"ceftozolane plus tazobactam"
"456","Germany","CHA CAN","secondary",2011,2023,2017,0,0,NA,"cytarabine liposomal"
"457","Germany","CHA CAN","secondary",2011,2023,2017,0,0,NA,"ganirelix"
"458","Germany","CHA CAN","secondary",2011,2023,2014,0,0,NA,"imiglucerase"
"459","Germany","CHA CAN","secondary",2011,2023,2022,0,0,NA,"sarilumab"
"460","Germany","CHA CAN","secondary",2011,2023,2023,0,0,NA,"tenecteplase"
"461","Germany","CHA CAN","secondary",2011,2023,2015,0,0,NA,"tigecycline"
"462","Germany","CHA CAN","secondary",2011,2023,2015,0,0,NA,"tigecycline"
"463","Germany","CHA CAN","secondary",2011,2023,2022,0,0,NA,"varenicline"
"464","Germany","CHA CAN","secondary",2011,2023,2022,0,0,NA,"verteporfin"
"465","Serbia","CHCZ","secondary",2011,2023,2014,0,0,NA,"agalsidase beta"
"466","Serbia","CHCZ","secondary",2011,2023,2023,0,0,NA,"amoxicillin plus clavulanate"
"467","Serbia","CHCZ","secondary",2011,2023,2023,0,0,NA,"amoxicillin plus clavulanate"
"468","Serbia","CHCZ","secondary",2011,2023,2018,0,0,NA,"arsenic trioxide"
"469","Serbia","CHCZ","secondary",2011,2023,2017,0,0,NA,"belatacept"
"470","Serbia","CHCZ","secondary",2011,2023,2018,0,0,NA,"c1 esterase inhibitor"
"471","Serbia","CHCZ","secondary",2011,2023,2021,0,0,NA,"ceftozolane plus tazobactam"
"472","Serbia","CHCZ","secondary",2011,2023,2021,0,0,NA,"ceftozolane plus tazobactam"
"473","Serbia","CHCZ","secondary",2011,2023,2017,0,0,NA,"cytarabine liposomal"
"474","Serbia","CHCZ","secondary",2011,2023,2017,0,0,NA,"ganirelix"
"475","Serbia","CHCZ","secondary",2011,2023,2014,0,0,NA,"imiglucerase"
"476","Serbia","CHCZ","secondary",2011,2023,2022,0,0,NA,"sarilumab"
"477","Serbia","CHCZ","secondary",2011,2023,2023,0,0,NA,"tenecteplase"
"478","Serbia","CHCZ","secondary",2011,2023,2015,0,0,NA,"tigecycline"
"479","Serbia","CHCZ","secondary",2011,2023,2015,0,0,NA,"tigecycline"
"480","Serbia","CHCZ","secondary",2011,2023,2022,0,0,NA,"varenicline"
"481","Serbia","CHCZ","secondary",2011,2023,2022,0,0,NA,"verteporfin"
"482","Italy","COMNET MODENA","secondary",2011,2023,2014,0,0,NA,"agalsidase beta"
"483","Italy","COMNET MODENA","secondary",2011,2023,2023,0,0,NA,"alteplase"
"484","Italy","COMNET MODENA","secondary",2011,2023,2023,0,0,NA,"amoxicillin"
"485","Italy","COMNET MODENA","secondary",2011,2023,2023,0,0,NA,"amoxicillin"
"486","Italy","COMNET MODENA","secondary",2011,2023,2023,0,0,NA,"amoxicillin plus clavulanate"
"487","Italy","COMNET MODENA","secondary",2011,2023,2023,0,0,NA,"amoxicillin plus clavulanate"
"488","Italy","COMNET MODENA","secondary",2011,2023,2017,0,0,NA,"belatacept"
"489","Italy","COMNET MODENA","secondary",2011,2023,2021,0,0,NA,"ceftozolane plus tazobactam"
"490","Italy","COMNET MODENA","secondary",2011,2023,2021,0,0,NA,"ceftozolane plus tazobactam"
"491","Italy","COMNET MODENA","secondary",2011,2023,2017,0,0,NA,"cytarabine liposomal"
"492","Italy","COMNET MODENA","secondary",2011,2023,2017,0,0,NA,"ganirelix"
"493","Italy","COMNET MODENA","secondary",2011,2023,2014,0,0,NA,"imiglucerase"
"494","Italy","COMNET MODENA","secondary",2011,2023,2022,0,0,NA,"sarilumab"
"495","Italy","COMNET MODENA","secondary",2011,2023,2023,0,0,NA,"tenecteplase"
"496","Italy","COMNET MODENA","secondary",2011,2023,2015,0,0,NA,"tigecycline"
"497","Italy","COMNET MODENA","secondary",2011,2023,2015,0,0,NA,"tigecycline"
"498","Italy","COMNET MODENA","secondary",2011,2023,2022,0,0,NA,"varenicline"
"499","UK","CPRD Aurum","primary",2011,2023,2014,0,0,NA,"imiglucerase"
"500","UK","CPRD Aurum","primary",2011,2023,2022,0,0,NA,"verteporfin"
"501","UK","CPRD GOLD","primary",2011,2023,2018,0,0,NA,"arsenic trioxide"
"502","UK","CPRD GOLD","primary",2011,2023,2021,0,0,NA,"ceftozolane plus tazobactam"
"503","UK","CPRD GOLD","primary",2011,2023,2021,0,0,NA,"ceftozolane plus tazobactam"
"504","UK","CPRD GOLD","primary",2011,2023,2023,0,0,NA,"tenecteplase"
"505","UK","CPRD GOLD","primary",2011,2023,2022,0,0,NA,"verteporfin"
"506","USA","Clinformatics","claims P+S",2016,2022,2014,NA,4.69564451250728e-06,NA,"agalsidase beta"
"507","USA","Clinformatics","claims P+S",2016,2022,2023,0.00075649035644366,NA,NA,"alteplase"
"508","USA","Clinformatics","claims P+S",2016,2022,2023,0.0720652236715614,NA,NA,"amoxicillin"
"509","USA","Clinformatics","claims P+S",2016,2022,2023,0.0720652236715614,NA,NA,"amoxicillin"
"510","USA","Clinformatics","claims P+S",2016,2022,2023,0.0519874072887529,NA,NA,"amoxicillin plus clavulanate"
"511","USA","Clinformatics","claims P+S",2016,2022,2023,0.0519874072887529,NA,NA,"amoxicillin plus clavulanate"
"512","USA","Clinformatics","claims P+S",2016,2022,2014,NA,1.10534971307573e-06,NA,"imiglucerase"
"513","USA","Clinformatics","claims P+S",2016,2022,2023,2.4963508309404e-05,NA,NA,"tenecteplase"
"514","USA","Clinformatics","claims P+S",2016,2022,2015,NA,1.02028977268606e-05,NA,"tigecycline"
"515","USA","Clinformatics","claims P+S",2016,2022,2015,NA,1.02028977268606e-05,NA,"tigecycline"
"516","Israel","GMC","secondary",2011,2023,2014,0,0,NA,"agalsidase beta"
"517","Israel","GMC","secondary",2011,2023,2023,0,0,NA,"alteplase"
"518","Israel","GMC","secondary",2011,2023,2018,0,0,NA,"arsenic trioxide"
"519","Israel","GMC","secondary",2011,2023,2017,0,0,NA,"belatacept"
"520","Israel","GMC","secondary",2011,2023,2018,0,0,NA,"c1 esterase inhibitor"
"521","Israel","GMC","secondary",2011,2023,2021,0,0,NA,"ceftozolane plus tazobactam"
"522","Israel","GMC","secondary",2011,2023,2021,0,0,NA,"ceftozolane plus tazobactam"
"523","Israel","GMC","secondary",2011,2023,2017,0,0,NA,"cytarabine liposomal"
"524","Israel","GMC","secondary",2011,2023,2017,0,0,NA,"ganirelix"
"525","Israel","GMC","secondary",2011,2023,2014,0,0,NA,"imiglucerase"
"526","Israel","GMC","secondary",2011,2023,2022,0,0,NA,"sarilumab"
"527","Israel","GMC","secondary",2011,2023,2023,0,0,NA,"tenecteplase"
"528","Israel","GMC","secondary",2011,2023,2015,0,0,NA,"tigecycline"
"529","Israel","GMC","secondary",2011,2023,2015,0,0,NA,"tigecycline"
"530","Israel","GMC","secondary",2011,2023,2022,0,0,NA,"varenicline"
"531","Israel","GMC","secondary",2011,2023,2022,0,0,NA,"verteporfin"
"532","Spain","H12O","secondary",2011,2021,2014,0,0,NA,"agalsidase beta"
"533","Spain","H12O","secondary",2011,2021,2023,0,NA,NA,"alteplase"
"534","Spain","H12O","secondary",2011,2021,2023,1.99520869887776e-05,NA,NA,"amoxicillin"
"535","Spain","H12O","secondary",2011,2021,2023,1.99520869887776e-05,NA,NA,"amoxicillin"
"536","Spain","H12O","secondary",2011,2021,2023,0.0040740082237297,NA,NA,"amoxicillin plus clavulanate"
"537","Spain","H12O","secondary",2011,2021,2023,0.0040740082237297,NA,NA,"amoxicillin plus clavulanate"
"538","Spain","H12O","secondary",2011,2021,2017,0,0,NA,"belatacept"
"539","Spain","H12O","secondary",2011,2021,2018,0,0,NA,"c1 esterase inhibitor"
"540","Spain","H12O","secondary",2011,2021,2021,0,0,NA,"ceftozolane plus tazobactam"
"541","Spain","H12O","secondary",2011,2021,2021,0,0,NA,"ceftozolane plus tazobactam"
"542","Spain","H12O","secondary",2011,2021,2017,0,0,NA,"cytarabine liposomal"
"543","Spain","H12O","secondary",2011,2021,2017,0,0,NA,"ganirelix"
"544","Spain","H12O","secondary",2011,2021,2014,0,0,NA,"imiglucerase"
"545","Spain","H12O","secondary",2011,2021,2022,0,NA,NA,"sarilumab"
"546","Spain","H12O","secondary",2011,2021,2023,0,NA,NA,"tenecteplase"
"547","Spain","H12O","secondary",2011,2021,2022,0,NA,NA,"varenicline"
"548","Spain","H12O","secondary",2011,2021,2022,0,NA,NA,"verteporfin"
"549","Spain","HULAFE","EHR P+S",2011,2023,2014,0,0,NA,"agalsidase beta"
"550","Spain","HULAFE","EHR P+S",2011,2023,2018,0,0,NA,"arsenic trioxide"
"551","Spain","HULAFE","EHR P+S",2011,2023,2017,0,0,NA,"belatacept"
"552","Spain","HULAFE","EHR P+S",2011,2023,2021,0,0,NA,"ceftozolane plus tazobactam"
"553","Spain","HULAFE","EHR P+S",2011,2023,2021,0,0,NA,"ceftozolane plus tazobactam"
"554","Spain","HULAFE","EHR P+S",2011,2023,2017,0,0,NA,"cytarabine liposomal"
"555","Spain","HULAFE","EHR P+S",2011,2023,2014,0,0,NA,"imiglucerase"
"556","Spain","HULAFE","EHR P+S",2011,2023,2023,0,0,NA,"tenecteplase"
"557","Finland","HUS","secondary",2011,2023,2023,0,0,NA,"amoxicillin plus clavulanate"
"558","Finland","HUS","secondary",2011,2023,2023,0,0,NA,"amoxicillin plus clavulanate"
"559","Finland","HUS","secondary",2011,2023,2021,0,0,NA,"ceftozolane plus tazobactam"
"560","Finland","HUS","secondary",2011,2023,2021,0,0,NA,"ceftozolane plus tazobactam"
"561","Finland","HUS","secondary",2011,2023,2017,0,0,NA,"cytarabine liposomal"
"562","Spain","IMASIS","secondary",2011,2023,2017,0,0,NA,"belatacept"
"563","Spain","IMASIS","secondary",2011,2023,2018,0,0,NA,"c1 esterase inhibitor"
"564","Spain","IMASIS","secondary",2011,2023,2021,0,0,NA,"ceftozolane plus tazobactam"
"565","Spain","IMASIS","secondary",2011,2023,2021,0,0,NA,"ceftozolane plus tazobactam"
"566","Spain","IMASIS","secondary",2011,2023,2017,0,0,NA,"cytarabine liposomal"
"567","Spain","IMASIS","secondary",2011,2023,2014,0,0,NA,"imiglucerase"
"568","Italy","INT","secondary",2011,2023,2014,0,0,NA,"agalsidase beta"
"569","Italy","INT","secondary",2011,2023,2023,0,0,NA,"alteplase"
"570","Italy","INT","secondary",2011,2023,2023,0,0,NA,"amoxicillin plus clavulanate"
"571","Italy","INT","secondary",2011,2023,2023,0,0,NA,"amoxicillin plus clavulanate"
"572","Italy","INT","secondary",2011,2023,2018,0,0,NA,"arsenic trioxide"
"573","Italy","INT","secondary",2011,2023,2017,0,0,NA,"belatacept"
"574","Italy","INT","secondary",2011,2023,2018,0,0,NA,"c1 esterase inhibitor"
"575","Italy","INT","secondary",2011,2023,2021,0,0,NA,"ceftozolane plus tazobactam"
"576","Italy","INT","secondary",2011,2023,2021,0,0,NA,"ceftozolane plus tazobactam"
"577","Italy","INT","secondary",2011,2023,2017,0,0,NA,"cytarabine liposomal"
"578","Italy","INT","secondary",2011,2023,2017,0,0,NA,"ganirelix"
"579","Italy","INT","secondary",2011,2023,2014,0,0,NA,"imiglucerase"
"580","Italy","INT","secondary",2011,2023,2022,0,0,NA,"sarilumab"
"581","Italy","INT","secondary",2011,2023,2023,0,0,NA,"tenecteplase"
"582","Italy","INT","secondary",2011,2023,2022,0,0,NA,"verteporfin"
"583","Netherlands","IPCI","primary",2011,2023,2023,0,0,NA,"alteplase"
"584","Netherlands","IPCI","primary",2011,2023,2018,0,0,NA,"arsenic trioxide"
"585","Netherlands","IPCI","primary",2011,2023,2017,0,0,NA,"belatacept"
"586","Netherlands","IPCI","primary",2011,2023,2021,0,0,NA,"ceftozolane plus tazobactam"
"587","Netherlands","IPCI","primary",2011,2023,2021,0,0,NA,"ceftozolane plus tazobactam"
"588","Netherlands","IPCI","primary",2011,2023,2017,0,0,NA,"cytarabine liposomal"
"589","Netherlands","IPCI","primary",2011,2023,2023,0,0,NA,"tenecteplase"
"590","Netherlands","IPCI","primary",2011,2023,2022,0,0,NA,"verteporfin"
"591","Turkey","ITF CDM","secondary",2018,2021,2023,2.72893516363717e-05,NA,NA,"alteplase"
"592","Turkey","ITF CDM","secondary",2018,2021,2023,8.01753697802381e-05,NA,NA,"amoxicillin"
"593","Turkey","ITF CDM","secondary",2018,2021,2023,8.01753697802381e-05,NA,NA,"amoxicillin"
"594","Turkey","ITF CDM","secondary",2018,2021,2023,0.00343205513889624,NA,NA,"amoxicillin plus clavulanate"
"595","Turkey","ITF CDM","secondary",2018,2021,2023,0.00343205513889624,NA,NA,"amoxicillin plus clavulanate"
"596","Turkey","ITF CDM","secondary",2018,2021,2018,NA,0,NA,"arsenic trioxide"
"597","Turkey","ITF CDM","secondary",2018,2021,2017,NA,0,NA,"belatacept"
"598","Turkey","ITF CDM","secondary",2018,2021,2018,NA,6.50272074823136e-05,NA,"c1 esterase inhibitor"
"599","Turkey","ITF CDM","secondary",2018,2021,2021,0,0,NA,"ceftozolane plus tazobactam"
"600","Turkey","ITF CDM","secondary",2018,2021,2021,0,0,NA,"ceftozolane plus tazobactam"
"601","Turkey","ITF CDM","secondary",2018,2021,2017,NA,0,NA,"cytarabine liposomal"
"602","Turkey","ITF CDM","secondary",2018,2021,2017,NA,0,NA,"ganirelix"
"603","Turkey","ITF CDM","secondary",2018,2021,2022,0,NA,NA,"sarilumab"
"604","Turkey","ITF CDM","secondary",2018,2021,2023,0,NA,NA,"tenecteplase"
"605","Turkey","ITF CDM","secondary",2018,2021,2015,NA,0.00015608052397815,NA,"tigecycline"
"606","Turkey","ITF CDM","secondary",2018,2021,2015,NA,0.00015608052397815,NA,"tigecycline"
"607","Turkey","ITF CDM","secondary",2018,2021,2022,0,NA,NA,"varenicline"
"608","Turkey","ITF CDM","secondary",2018,2021,2022,0,NA,NA,"verteporfin"
"609","Germany","InGef RDB","claims P+S",2013,2023,2021,0,0,NA,"ceftozolane plus tazobactam"
"610","Germany","InGef RDB","claims P+S",2013,2023,2021,0,0,NA,"ceftozolane plus tazobactam"
"611","Germany","InGef RDB","claims P+S",2013,2023,2017,0,0,NA,"cytarabine liposomal"
"612","Germany","InGef RDB","claims P+S",2013,2023,2023,0,0,NA,"tenecteplase"
"613","Estonia","MAITT","claims P+S",2012,2019,2014,0,0,NA,"agalsidase beta"
"614","Estonia","MAITT","claims P+S",2012,2019,2018,0,0,NA,"arsenic trioxide"
"615","Estonia","MAITT","claims P+S",2012,2019,2017,0,0,NA,"belatacept"
"616","Estonia","MAITT","claims P+S",2012,2019,2018,0,0,NA,"c1 esterase inhibitor"
"617","Estonia","MAITT","claims P+S",2012,2019,2021,0,NA,NA,"ceftozolane plus tazobactam"
"618","Estonia","MAITT","claims P+S",2012,2019,2021,0,NA,NA,"ceftozolane plus tazobactam"
"619","Estonia","MAITT","claims P+S",2012,2019,2017,0,0,NA,"cytarabine liposomal"
"620","Estonia","MAITT","claims P+S",2012,2019,2014,0,0,NA,"imiglucerase"
"621","Estonia","MAITT","claims P+S",2012,2019,2022,0,NA,NA,"sarilumab"
"622","Estonia","MAITT","claims P+S",2012,2019,2015,0,0,NA,"tigecycline"
"623","Estonia","MAITT","claims P+S",2012,2019,2015,0,0,NA,"tigecycline"
"624","Estonia","MAITT","claims P+S",2012,2019,2022,0.00048826742902431,NA,NA,"varenicline"
"625","Estonia","MAITT","claims P+S",2012,2019,2022,0,NA,NA,"verteporfin"
"626","Sweden","MEB KI","EHR P+S",2011,2023,2023,0,0,NA,"amoxicillin plus clavulanate"
"627","Sweden","MEB KI","EHR P+S",2011,2023,2023,0,0,NA,"amoxicillin plus clavulanate"
"628","Sweden","MEB KI","EHR P+S",2011,2023,2018,0,0,NA,"arsenic trioxide"
"629","Sweden","MEB KI","EHR P+S",2011,2023,2017,0,0,NA,"belatacept"
"630","Sweden","MEB KI","EHR P+S",2011,2023,2021,0,0,NA,"ceftozolane plus tazobactam"
"631","Sweden","MEB KI","EHR P+S",2011,2023,2021,0,0,NA,"ceftozolane plus tazobactam"
"632","Sweden","MEB KI","EHR P+S",2011,2023,2017,0,0,NA,"cytarabine liposomal"
"633","Sweden","MEB KI","EHR P+S",2011,2023,2023,0,0,NA,"tenecteplase"
"634","Sweden","MEB KI","EHR P+S",2011,2023,2022,0,0,NA,"verteporfin"
"635","USA","MarketScan","claims P+S",2016,2022,2014,NA,6.38012384078146e-06,NA,"agalsidase beta"
"636","USA","MarketScan","claims P+S",2016,2022,2023,0.000372461494454483,NA,NA,"alteplase"
"637","USA","MarketScan","claims P+S",2016,2022,2023,0.0744548965790174,NA,NA,"amoxicillin"
"638","USA","MarketScan","claims P+S",2016,2022,2023,0.0744548965790174,NA,NA,"amoxicillin"
"639","USA","MarketScan","claims P+S",2016,2022,2023,0.0488290074397198,NA,NA,"amoxicillin plus clavulanate"
"640","USA","MarketScan","claims P+S",2016,2022,2023,0.0488290074397198,NA,NA,"amoxicillin plus clavulanate"
"641","USA","MarketScan","claims P+S",2016,2022,2014,NA,2.52428965416125e-06,NA,"imiglucerase"
"642","USA","MarketScan","claims P+S",2016,2022,2023,9.36466950488924e-06,NA,NA,"tenecteplase"
"643","USA","MarketScan","claims P+S",2016,2022,2015,NA,6.80867213246243e-06,NA,"tigecycline"
"644","USA","MarketScan","claims P+S",2016,2022,2015,NA,6.80867213246243e-06,NA,"tigecycline"
"645","Netherlands","NCR","registry",2011,2023,2014,0,0,NA,"agalsidase beta"
"646","Netherlands","NCR","registry",2011,2023,2023,0,0,NA,"alteplase"
"647","Netherlands","NCR","registry",2011,2023,2023,0,0,NA,"amoxicillin"
"648","Netherlands","NCR","registry",2011,2023,2023,0,0,NA,"amoxicillin"
"649","Netherlands","NCR","registry",2011,2023,2023,0,0,NA,"amoxicillin plus clavulanate"
"650","Netherlands","NCR","registry",2011,2023,2023,0,0,NA,"amoxicillin plus clavulanate"
"651","Netherlands","NCR","registry",2011,2023,2017,0,0,NA,"belatacept"
"652","Netherlands","NCR","registry",2011,2023,2018,0,0,NA,"c1 esterase inhibitor"
"653","Netherlands","NCR","registry",2011,2023,2021,0,0,NA,"ceftozolane plus tazobactam"
"654","Netherlands","NCR","registry",2011,2023,2021,0,0,NA,"ceftozolane plus tazobactam"
"655","Netherlands","NCR","registry",2011,2023,2017,0,0,NA,"cytarabine liposomal"
"656","Netherlands","NCR","registry",2011,2023,2017,0,0,NA,"ganirelix"
"657","Netherlands","NCR","registry",2011,2023,2014,0,0,NA,"imiglucerase"
"658","Netherlands","NCR","registry",2011,2023,2022,0,0,NA,"sarilumab"
"659","Netherlands","NCR","registry",2011,2023,2023,0,0,NA,"tenecteplase"
"660","Netherlands","NCR","registry",2011,2023,2015,0,0,NA,"tigecycline"
"661","Netherlands","NCR","registry",2011,2023,2015,0,0,NA,"tigecycline"
"662","Netherlands","NCR","registry",2011,2023,2022,0,0,NA,"varenicline"
"663","Netherlands","NCR","registry",2011,2023,2022,0,0,NA,"verteporfin"
"664","Belgium","OLVA MS","secondary",2015,2023,2014,NA,0,NA,"agalsidase beta"
"665","Belgium","OLVA MS","secondary",2015,2023,2018,0,0,NA,"arsenic trioxide"
"666","Belgium","OLVA MS","secondary",2015,2023,2017,0,0,NA,"belatacept"
"667","Belgium","OLVA MS","secondary",2015,2023,2021,0,0,NA,"ceftozolane plus tazobactam"
"668","Belgium","OLVA MS","secondary",2015,2023,2021,0,0,NA,"ceftozolane plus tazobactam"
"669","Belgium","OLVA MS","secondary",2015,2023,2017,0,0,NA,"cytarabine liposomal"
"670","Belgium","OLVA MS","secondary",2015,2023,2014,NA,0.000356596600322371,NA,"imiglucerase"
"671","Belgium","OLVA MS","secondary",2015,2023,2022,0,0,NA,"sarilumab"
"672","Belgium","OLVA MS","secondary",2015,2023,2023,0,0,NA,"tenecteplase"
"673","Belgium","OLVA MS","secondary",2015,2023,2015,NA,0,NA,"tigecycline"
"674","Belgium","OLVA MS","secondary",2015,2023,2015,NA,0,NA,"tigecycline"
"675","Belgium","OLVA MS","secondary",2015,2023,2022,0,0,NA,"verteporfin"
"676","UK","OPCRD","primary",2011,2023,2014,0,0,NA,"agalsidase beta"
"677","UK","OPCRD","primary",2011,2023,2018,0,0,NA,"arsenic trioxide"
"678","UK","OPCRD","primary",2011,2023,2021,0,0,NA,"ceftozolane plus tazobactam"
"679","UK","OPCRD","primary",2011,2023,2021,0,0,NA,"ceftozolane plus tazobactam"
"680","UK","OPCRD","primary",2011,2023,2014,0,0,NA,"imiglucerase"
"681","UK","OPCRD","primary",2011,2023,2023,0,0,NA,"tenecteplase"
"682","UK","OPCRD","primary",2011,2023,2022,0,0,NA,"verteporfin"
"683","USA","P+","claims P+S",2015,2023,2014,NA,6.17166756404133e-06,NA,"agalsidase beta"
"684","USA","P+","claims P+S",2015,2023,2014,NA,2.76074904499715e-06,NA,"imiglucerase"
"685","USA","P+","claims P+S",2015,2023,2015,NA,7.22224938894753e-06,NA,"tigecycline"
"686","USA","P+","claims P+S",2015,2023,2015,NA,7.22224938894753e-06,NA,"tigecycline"
"687","Greece","PGH","secondary",2011,2023,2014,0,0,NA,"agalsidase beta"
"688","Greece","PGH","secondary",2011,2023,2023,0,0,NA,"amoxicillin plus clavulanate"
"689","Greece","PGH","secondary",2011,2023,2023,0,0,NA,"amoxicillin plus clavulanate"
"690","Greece","PGH","secondary",2011,2023,2017,0,0,NA,"belatacept"
"691","Greece","PGH","secondary",2011,2023,2021,0,0,NA,"ceftozolane plus tazobactam"
"692","Greece","PGH","secondary",2011,2023,2021,0,0,NA,"ceftozolane plus tazobactam"
"693","Greece","PGH","secondary",2011,2023,2017,0,0,NA,"cytarabine liposomal"
"694","Greece","PGH","secondary",2011,2023,2017,0,0,NA,"ganirelix"
"695","Greece","PGH","secondary",2011,2023,2014,0,0,NA,"imiglucerase"
"696","Greece","PGH","secondary",2011,2023,2022,0,0,NA,"sarilumab"
"697","Greece","PGH","secondary",2011,2023,2022,0,0,NA,"varenicline"
"698","Greece","PGH","secondary",2011,2023,2022,0,0,NA,"verteporfin"
"699","Italy","POLIMI","secondary",2011,2023,2014,0,0,NA,"agalsidase beta"
"700","Italy","POLIMI","secondary",2011,2023,2023,0,0,NA,"alteplase"
"701","Italy","POLIMI","secondary",2011,2023,2018,0,0,NA,"arsenic trioxide"
"702","Italy","POLIMI","secondary",2011,2023,2017,0,0,NA,"belatacept"
"703","Italy","POLIMI","secondary",2011,2023,2018,0,0,NA,"c1 esterase inhibitor"
"704","Italy","POLIMI","secondary",2011,2023,2017,0,0,NA,"cytarabine liposomal"
"705","Italy","POLIMI","secondary",2011,2023,2017,0,0,NA,"ganirelix"
"706","Italy","POLIMI","secondary",2011,2023,2014,0,0,NA,"imiglucerase"
"707","Italy","POLIMI","secondary",2011,2023,2022,0,0,NA,"sarilumab"
"708","Italy","POLIMI","secondary",2011,2023,2023,0,0,NA,"tenecteplase"
"709","Italy","POLIMI","secondary",2011,2023,2022,0,0,NA,"varenicline"
"710","Italy","POLIMI","secondary",2011,2023,2022,0,0,NA,"verteporfin"
"711","Spain","PRISIB","EHR P+S",2011,2023,2014,0,0,NA,"agalsidase beta"
"712","Spain","PRISIB","EHR P+S",2011,2023,2023,0,0,NA,"alteplase"
"713","Spain","PRISIB","EHR P+S",2011,2023,2018,0,0,NA,"arsenic trioxide"
"714","Spain","PRISIB","EHR P+S",2011,2023,2017,0,0,NA,"belatacept"
"715","Spain","PRISIB","EHR P+S",2011,2023,2021,0,0,NA,"ceftozolane plus tazobactam"
"716","Spain","PRISIB","EHR P+S",2011,2023,2021,0,0,NA,"ceftozolane plus tazobactam"
"717","Spain","PRISIB","EHR P+S",2011,2023,2017,0,0,NA,"cytarabine liposomal"
"718","Spain","PRISIB","EHR P+S",2011,2023,2017,0,0,NA,"ganirelix"
"719","Spain","PRISIB","EHR P+S",2011,2023,2014,0,0,NA,"imiglucerase"
"720","Spain","PRISIB","EHR P+S",2011,2023,2022,0,0,NA,"sarilumab"
"721","Spain","PRISIB","EHR P+S",2011,2023,2023,0,0,NA,"tenecteplase"
"722","Spain","PRISIB","EHR P+S",2011,2023,2015,0,0,NA,"tigecycline"
"723","Spain","PRISIB","EHR P+S",2011,2023,2015,0,0,NA,"tigecycline"
"724","Spain","PRISIB","EHR P+S",2011,2023,2022,0,0,NA,"varenicline"
"725","Spain","PRISIB","EHR P+S",2011,2023,2022,0,0,NA,"verteporfin"
"726","Spain","PSSJD","secondary",2017,2023,2014,NA,0,NA,"agalsidase beta"
"727","Spain","PSSJD","secondary",2017,2023,2023,0,0,NA,"alteplase"
"728","Spain","PSSJD","secondary",2017,2023,2023,0,0,NA,"amoxicillin plus clavulanate"
"729","Spain","PSSJD","secondary",2017,2023,2023,0,0,NA,"amoxicillin plus clavulanate"
"730","Spain","PSSJD","secondary",2017,2023,2017,NA,0,NA,"belatacept"
"731","Spain","PSSJD","secondary",2017,2023,2021,0,0,NA,"ceftozolane plus tazobactam"
"732","Spain","PSSJD","secondary",2017,2023,2021,0,0,NA,"ceftozolane plus tazobactam"
"733","Spain","PSSJD","secondary",2017,2023,2017,NA,0,NA,"cytarabine liposomal"
"734","Spain","PSSJD","secondary",2017,2023,2017,NA,1.74451059256895e-05,NA,"ganirelix"
"735","Spain","PSSJD","secondary",2017,2023,2014,NA,0,NA,"imiglucerase"
"736","Spain","PSSJD","secondary",2017,2023,2022,0,0,NA,"sarilumab"
"737","Spain","PSSJD","secondary",2017,2023,2023,0,0,NA,"tenecteplase"
"738","Spain","PSSJD","secondary",2017,2023,2015,NA,6.76500732312043e-06,NA,"tigecycline"
"739","Spain","PSSJD","secondary",2017,2023,2015,NA,6.76500732312043e-06,NA,"tigecycline"
"740","Spain","PSSJD","secondary",2017,2023,2022,0,0,NA,"varenicline"
"741","Portugal","ReumaPT","registry",2011,2022,2014,0,0,NA,"agalsidase beta"
"742","Portugal","ReumaPT","registry",2011,2022,2023,0,NA,NA,"alteplase"
"743","Portugal","ReumaPT","registry",2011,2022,2023,0,NA,NA,"amoxicillin"
"744","Portugal","ReumaPT","registry",2011,2022,2023,0,NA,NA,"amoxicillin"
"745","Portugal","ReumaPT","registry",2011,2022,2023,0,NA,NA,"amoxicillin plus clavulanate"
"746","Portugal","ReumaPT","registry",2011,2022,2023,0,NA,NA,"amoxicillin plus clavulanate"
"747","Portugal","ReumaPT","registry",2011,2022,2018,0,0,NA,"arsenic trioxide"
"748","Portugal","ReumaPT","registry",2011,2022,2017,0,0,NA,"belatacept"
"749","Portugal","ReumaPT","registry",2011,2022,2018,0,0,NA,"c1 esterase inhibitor"
"750","Portugal","ReumaPT","registry",2011,2022,2021,0,0,NA,"ceftozolane plus tazobactam"
"751","Portugal","ReumaPT","registry",2011,2022,2021,0,0,NA,"ceftozolane plus tazobactam"
"752","Portugal","ReumaPT","registry",2011,2022,2017,0,0,NA,"cytarabine liposomal"
"753","Portugal","ReumaPT","registry",2011,2022,2017,0,0,NA,"ganirelix"
"754","Portugal","ReumaPT","registry",2011,2022,2014,0,0,NA,"imiglucerase"
"755","Portugal","ReumaPT","registry",2011,2022,2022,0,0,NA,"sarilumab"
"756","Portugal","ReumaPT","registry",2011,2022,2023,0,NA,NA,"tenecteplase"
"757","Portugal","ReumaPT","registry",2011,2022,2015,0,0,NA,"tigecycline"
"758","Portugal","ReumaPT","registry",2011,2022,2015,0,0,NA,"tigecycline"
"759","Portugal","ReumaPT","registry",2011,2022,2022,0,0,NA,"verteporfin"
"760","Sweden","SCIFI-PEARL","EHR P+S",2011,2023,2014,0,0,NA,"agalsidase beta"
"761","Sweden","SCIFI-PEARL","EHR P+S",2011,2023,2023,0,0,NA,"amoxicillin plus clavulanate"
"762","Sweden","SCIFI-PEARL","EHR P+S",2011,2023,2023,0,0,NA,"amoxicillin plus clavulanate"
"763","Sweden","SCIFI-PEARL","EHR P+S",2011,2023,2018,0,0,NA,"arsenic trioxide"
"764","Sweden","SCIFI-PEARL","EHR P+S",2011,2023,2017,0,0,NA,"belatacept"
"765","Sweden","SCIFI-PEARL","EHR P+S",2011,2023,2021,0,0,NA,"ceftozolane plus tazobactam"
"766","Sweden","SCIFI-PEARL","EHR P+S",2011,2023,2021,0,0,NA,"ceftozolane plus tazobactam"
"767","Sweden","SCIFI-PEARL","EHR P+S",2011,2023,2017,0,0,NA,"cytarabine liposomal"
"768","Sweden","SCIFI-PEARL","EHR P+S",2011,2023,2014,0,0,NA,"imiglucerase"
"769","Sweden","SCIFI-PEARL","EHR P+S",2011,2023,2023,0,0,NA,"tenecteplase"
"770","Sweden","SCIFI-PEARL","EHR P+S",2011,2023,2015,0,0,NA,"tigecycline"
"771","Sweden","SCIFI-PEARL","EHR P+S",2011,2023,2015,0,0,NA,"tigecycline"
"772","Sweden","SCIFI-PEARL","EHR P+S",2011,2023,2022,0,0,NA,"verteporfin"
"773","Spain","SIDIAP","primary",2011,2023,2014,0,0,NA,"agalsidase beta"
"774","Spain","SIDIAP","primary",2011,2023,2023,0,0,NA,"alteplase"
"775","Spain","SIDIAP","primary",2011,2023,2018,0,0,NA,"arsenic trioxide"
"776","Spain","SIDIAP","primary",2011,2023,2017,0,0,NA,"belatacept"
"777","Spain","SIDIAP","primary",2011,2023,2018,0,0,NA,"c1 esterase inhibitor"
"778","Spain","SIDIAP","primary",2011,2023,2021,0,0,NA,"ceftozolane plus tazobactam"
"779","Spain","SIDIAP","primary",2011,2023,2021,0,0,NA,"ceftozolane plus tazobactam"
"780","Spain","SIDIAP","primary",2011,2023,2017,0,0,NA,"cytarabine liposomal"
"781","Spain","SIDIAP","primary",2011,2023,2014,0,0,NA,"imiglucerase"
"782","Spain","SIDIAP","primary",2011,2023,2022,0,0,NA,"sarilumab"
"783","Spain","SIDIAP","primary",2011,2023,2023,0,0,NA,"tenecteplase"
"784","Spain","SIDIAP","primary",2011,2023,2015,0,0,NA,"tigecycline"
"785","Spain","SIDIAP","primary",2011,2023,2015,0,0,NA,"tigecycline"
"786","Spain","SIDIAP","primary",2011,2023,2022,0,0,NA,"verteporfin"
"787","Hungary","SUCD","secondary",2011,2022,2014,0,0,NA,"agalsidase beta"
"788","Hungary","SUCD","secondary",2011,2022,2023,0,NA,NA,"alteplase"
"789","Hungary","SUCD","secondary",2011,2022,2023,0.00551936002181719,NA,NA,"amoxicillin"
"790","Hungary","SUCD","secondary",2011,2022,2023,0.00551936002181719,NA,NA,"amoxicillin"
"791","Hungary","SUCD","secondary",2011,2022,2023,0,NA,NA,"amoxicillin plus clavulanate"
"792","Hungary","SUCD","secondary",2011,2022,2023,0,NA,NA,"amoxicillin plus clavulanate"
"793","Hungary","SUCD","secondary",2011,2022,2018,0,0,NA,"arsenic trioxide"
"794","Hungary","SUCD","secondary",2011,2022,2017,0,0,NA,"belatacept"
"795","Hungary","SUCD","secondary",2011,2022,2021,0,0,NA,"ceftozolane plus tazobactam"
"796","Hungary","SUCD","secondary",2011,2022,2021,0,0,NA,"ceftozolane plus tazobactam"
"797","Hungary","SUCD","secondary",2011,2022,2017,0,0,NA,"cytarabine liposomal"
"798","Hungary","SUCD","secondary",2011,2022,2017,0,0,NA,"ganirelix"
"799","Hungary","SUCD","secondary",2011,2022,2014,0,0,NA,"imiglucerase"
"800","Hungary","SUCD","secondary",2011,2022,2022,0,0,NA,"sarilumab"
"801","Hungary","SUCD","secondary",2011,2022,2023,0,NA,NA,"tenecteplase"
"802","Hungary","SUCD","secondary",2011,2022,2015,0,0,NA,"tigecycline"
"803","Hungary","SUCD","secondary",2011,2022,2015,0,0,NA,"tigecycline"
"804","Hungary","SUCD","secondary",2011,2022,2022,0,0,NA,"verteporfin"
"805","Finland","TAUH","secondary",2011,2023,2023,0,0,NA,"amoxicillin plus clavulanate"
"806","Finland","TAUH","secondary",2011,2023,2023,0,0,NA,"amoxicillin plus clavulanate"
"807","Finland","TAUH","secondary",2011,2023,2017,0,0,NA,"belatacept"
"808","Finland","TAUH","secondary",2011,2023,2021,0,0,NA,"ceftozolane plus tazobactam"
"809","Finland","TAUH","secondary",2011,2023,2021,0,0,NA,"ceftozolane plus tazobactam"
"810","Finland","TAUH","secondary",2011,2023,2017,0,0,NA,"cytarabine liposomal"
"811","Finland","TAUH","secondary",2011,2023,2022,0,0,NA,"verteporfin"
"812","Belgium","THIN Belgium","primary",2011,2023,2014,0,0,NA,"agalsidase beta"
"813","Belgium","THIN Belgium","primary",2011,2023,2018,0,0,NA,"arsenic trioxide"
"814","Belgium","THIN Belgium","primary",2011,2023,2017,0,0,NA,"belatacept"
"815","Belgium","THIN Belgium","primary",2011,2023,2018,0,0,NA,"c1 esterase inhibitor"
"816","Belgium","THIN Belgium","primary",2011,2023,2021,0,0,NA,"ceftozolane plus tazobactam"
"817","Belgium","THIN Belgium","primary",2011,2023,2021,0,0,NA,"ceftozolane plus tazobactam"
"818","Belgium","THIN Belgium","primary",2011,2023,2017,0,0,NA,"cytarabine liposomal"
"819","Belgium","THIN Belgium","primary",2011,2023,2014,0,0,NA,"imiglucerase"
"820","Belgium","THIN Belgium","primary",2011,2023,2023,0,0,NA,"tenecteplase"
"821","Belgium","THIN Belgium","primary",2011,2023,2015,0,0,NA,"tigecycline"
"822","Belgium","THIN Belgium","primary",2011,2023,2015,0,0,NA,"tigecycline"
"823","Belgium","THIN Belgium","primary",2011,2023,2022,0,0,NA,"verteporfin"
"824","France","THIN France","primary",2011,2023,2014,0,0,NA,"agalsidase beta"
"825","France","THIN France","primary",2011,2023,2023,0,0,NA,"alteplase"
"826","France","THIN France","primary",2011,2023,2018,0,0,NA,"arsenic trioxide"
"827","France","THIN France","primary",2011,2023,2017,0,0,NA,"belatacept"
"828","France","THIN France","primary",2011,2023,2021,0,0,NA,"ceftozolane plus tazobactam"
"829","France","THIN France","primary",2011,2023,2021,0,0,NA,"ceftozolane plus tazobactam"
"830","France","THIN France","primary",2011,2023,2017,0,0,NA,"cytarabine liposomal"
"831","France","THIN France","primary",2011,2023,2014,0,0,NA,"imiglucerase"
"832","France","THIN France","primary",2011,2023,2023,0,0,NA,"tenecteplase"
"833","France","THIN France","primary",2011,2023,2015,0,0,NA,"tigecycline"
"834","France","THIN France","primary",2011,2023,2015,0,0,NA,"tigecycline"
"835","France","THIN France","primary",2011,2023,2022,0,0,NA,"verteporfin"
"836","Italy","THIN Italy","primary",2011,2023,2014,0,0,NA,"agalsidase beta"
"837","Italy","THIN Italy","primary",2011,2023,2023,0,0,NA,"alteplase"
"838","Italy","THIN Italy","primary",2011,2023,2018,0,0,NA,"arsenic trioxide"
"839","Italy","THIN Italy","primary",2011,2023,2017,0,0,NA,"belatacept"
"840","Italy","THIN Italy","primary",2011,2023,2018,0,0,NA,"c1 esterase inhibitor"
"841","Italy","THIN Italy","primary",2011,2023,2021,0,0,NA,"ceftozolane plus tazobactam"
"842","Italy","THIN Italy","primary",2011,2023,2021,0,0,NA,"ceftozolane plus tazobactam"
"843","Italy","THIN Italy","primary",2011,2023,2017,0,0,NA,"cytarabine liposomal"
"844","Italy","THIN Italy","primary",2011,2023,2017,0,0,NA,"ganirelix"
"845","Italy","THIN Italy","primary",2011,2023,2014,0,0,NA,"imiglucerase"
"846","Italy","THIN Italy","primary",2011,2023,2022,0,0,NA,"sarilumab"
"847","Italy","THIN Italy","primary",2011,2023,2023,0,0,NA,"tenecteplase"
"848","Italy","THIN Italy","primary",2011,2023,2015,0,0,NA,"tigecycline"
"849","Italy","THIN Italy","primary",2011,2023,2015,0,0,NA,"tigecycline"
"850","Italy","THIN Italy","primary",2011,2023,2022,0,0,NA,"varenicline"
"851","Italy","THIN Italy","primary",2011,2023,2022,0,0,NA,"verteporfin"
"852","Romania","THIN Romania","primary",2011,2023,2014,0,0,NA,"agalsidase beta"
"853","Romania","THIN Romania","primary",2011,2023,2023,0,0,NA,"alteplase"
"854","Romania","THIN Romania","primary",2011,2023,2018,0,0,NA,"arsenic trioxide"
"855","Romania","THIN Romania","primary",2011,2023,2017,0,0,NA,"belatacept"
"856","Romania","THIN Romania","primary",2011,2023,2018,0,0,NA,"c1 esterase inhibitor"
"857","Romania","THIN Romania","primary",2011,2023,2021,0,0,NA,"ceftozolane plus tazobactam"
"858","Romania","THIN Romania","primary",2011,2023,2021,0,0,NA,"ceftozolane plus tazobactam"
"859","Romania","THIN Romania","primary",2011,2023,2017,0,0,NA,"cytarabine liposomal"
"860","Romania","THIN Romania","primary",2011,2023,2017,0,0,NA,"ganirelix"
"861","Romania","THIN Romania","primary",2011,2023,2022,0,0,NA,"sarilumab"
"862","Romania","THIN Romania","primary",2011,2023,2023,0,0,NA,"tenecteplase"
"863","Romania","THIN Romania","primary",2011,2023,2015,0,0,NA,"tigecycline"
"864","Romania","THIN Romania","primary",2011,2023,2015,0,0,NA,"tigecycline"
"865","Romania","THIN Romania","primary",2011,2023,2022,0,0,NA,"varenicline"
"866","Romania","THIN Romania","primary",2011,2023,2022,0,0,NA,"verteporfin"
"867","Spain","THIN Spain","primary",2010,2023,2014,0,0,NA,"agalsidase beta"
"868","Spain","THIN Spain","primary",2010,2023,2023,0,0,NA,"alteplase"
"869","Spain","THIN Spain","primary",2010,2023,2018,0,0,NA,"arsenic trioxide"
"870","Spain","THIN Spain","primary",2010,2023,2017,0,0,NA,"belatacept"
"871","Spain","THIN Spain","primary",2010,2023,2018,0,0,NA,"c1 esterase inhibitor"
"872","Spain","THIN Spain","primary",2010,2023,2021,0,0,NA,"ceftozolane plus tazobactam"
"873","Spain","THIN Spain","primary",2010,2023,2021,0,0,NA,"ceftozolane plus tazobactam"
"874","Spain","THIN Spain","primary",2010,2023,2017,0,0,NA,"cytarabine liposomal"
"875","Spain","THIN Spain","primary",2010,2023,2014,0,0,NA,"imiglucerase"
"876","Spain","THIN Spain","primary",2010,2023,2022,0,0,NA,"sarilumab"
"877","Spain","THIN Spain","primary",2010,2023,2023,0,0,NA,"tenecteplase"
"878","Spain","THIN Spain","primary",2010,2023,2015,0,0,NA,"tigecycline"
"879","Spain","THIN Spain","primary",2010,2023,2015,0,0,NA,"tigecycline"
"880","Spain","THIN Spain","primary",2010,2023,2022,0,0,NA,"verteporfin"
"881","UK","THIN UK","primary",2011,2023,2021,0,0,NA,"ceftozolane plus tazobactam"
"882","UK","THIN UK","primary",2011,2023,2021,0,0,NA,"ceftozolane plus tazobactam"
"883","UK","THIN UK","primary",2011,2023,2017,0,0,NA,"cytarabine liposomal"
"884","UK","THIN UK","primary",2011,2023,2023,0,0,NA,"tenecteplase"
"885","UK","THIN UK","primary",2011,2023,2022,0,0,NA,"verteporfin"
"886","Portugal","ULSEDV","secondary",2011,2023,2014,0,0,NA,"agalsidase beta"
"887","Portugal","ULSEDV","secondary",2011,2023,2023,0,0,NA,"alteplase"
"888","Portugal","ULSEDV","secondary",2011,2023,2018,0,0,NA,"arsenic trioxide"
"889","Portugal","ULSEDV","secondary",2011,2023,2017,0,0,NA,"belatacept"
"890","Portugal","ULSEDV","secondary",2011,2023,2018,0,0,NA,"c1 esterase inhibitor"
"891","Portugal","ULSEDV","secondary",2011,2023,2021,0,0,NA,"ceftozolane plus tazobactam"
"892","Portugal","ULSEDV","secondary",2011,2023,2021,0,0,NA,"ceftozolane plus tazobactam"
"893","Portugal","ULSEDV","secondary",2011,2023,2017,0,0,NA,"cytarabine liposomal"
"894","Portugal","ULSEDV","secondary",2011,2023,2017,0,0,NA,"ganirelix"
"895","Portugal","ULSEDV","secondary",2011,2023,2014,0,0,NA,"imiglucerase"
"896","Portugal","ULSEDV","secondary",2011,2023,2022,0,0,NA,"sarilumab"
"897","Portugal","ULSEDV","secondary",2011,2023,2023,0,0,NA,"tenecteplase"
"898","Portugal","ULSEDV","secondary",2011,2023,2015,0,0,NA,"tigecycline"
"899","Portugal","ULSEDV","secondary",2011,2023,2015,0,0,NA,"tigecycline"
"900","Portugal","ULSEDV","secondary",2011,2023,2022,0,0,NA,"verteporfin"
"901","Portugal","ULSGE","secondary",2011,2023,2014,0,0,NA,"agalsidase beta"
"902","Portugal","ULSGE","secondary",2011,2023,2023,0,0,NA,"alteplase"
"903","Portugal","ULSGE","secondary",2011,2023,2018,0,0,NA,"arsenic trioxide"
"904","Portugal","ULSGE","secondary",2011,2023,2017,0,0,NA,"belatacept"
"905","Portugal","ULSGE","secondary",2011,2023,2018,0,0,NA,"c1 esterase inhibitor"
"906","Portugal","ULSGE","secondary",2011,2023,2021,0,0,NA,"ceftozolane plus tazobactam"
"907","Portugal","ULSGE","secondary",2011,2023,2021,0,0,NA,"ceftozolane plus tazobactam"
"908","Portugal","ULSGE","secondary",2011,2023,2017,0,0,NA,"cytarabine liposomal"
"909","Portugal","ULSGE","secondary",2011,2023,2014,0,0,NA,"imiglucerase"
"910","Portugal","ULSGE","secondary",2011,2023,2022,0,0,NA,"sarilumab"
"911","Portugal","ULSGE","secondary",2011,2023,2023,0,0,NA,"tenecteplase"
"912","Portugal","ULSGE","secondary",2011,2023,2022,0,0,NA,"verteporfin"
"913","Portugal","ULSRA","secondary",2011,2023,2014,0,0,NA,"agalsidase beta"
"914","Portugal","ULSRA","secondary",2011,2023,2023,0,0,NA,"alteplase"
"915","Portugal","ULSRA","secondary",2011,2023,2018,0,0,NA,"arsenic trioxide"
"916","Portugal","ULSRA","secondary",2011,2023,2017,0,0,NA,"belatacept"
"917","Portugal","ULSRA","secondary",2011,2023,2018,0,0,NA,"c1 esterase inhibitor"
"918","Portugal","ULSRA","secondary",2011,2023,2021,0,0,NA,"ceftozolane plus tazobactam"
"919","Portugal","ULSRA","secondary",2011,2023,2021,0,0,NA,"ceftozolane plus tazobactam"
"920","Portugal","ULSRA","secondary",2011,2023,2017,0,0,NA,"cytarabine liposomal"
"921","Portugal","ULSRA","secondary",2011,2023,2017,0,0,NA,"ganirelix"
"922","Portugal","ULSRA","secondary",2011,2023,2014,0,0,NA,"imiglucerase"
"923","Portugal","ULSRA","secondary",2011,2023,2022,0,0,NA,"sarilumab"
"924","Portugal","ULSRA","secondary",2011,2023,2023,0,0,NA,"tenecteplase"
"925","Portugal","ULSRA","secondary",2011,2023,2015,0,0,NA,"tigecycline"
"926","Portugal","ULSRA","secondary",2011,2023,2015,0,0,NA,"tigecycline"
"927","Portugal","ULSRA","secondary",2011,2023,2022,0,0,NA,"verteporfin"
"928","Germany","UM DRESDEN","secondary",2018,2023,2023,0,0,NA,"amoxicillin plus clavulanate"
"929","Germany","UM DRESDEN","secondary",2018,2023,2023,0,0,NA,"amoxicillin plus clavulanate"
"930","Germany","UM DRESDEN","secondary",2018,2023,2018,NA,0,NA,"arsenic trioxide"
"931","Germany","UM DRESDEN","secondary",2018,2023,2017,NA,0,NA,"belatacept"
"932","Germany","UM DRESDEN","secondary",2018,2023,2018,NA,0,NA,"c1 esterase inhibitor"
"933","Germany","UM DRESDEN","secondary",2018,2023,2021,0,0,NA,"ceftozolane plus tazobactam"
"934","Germany","UM DRESDEN","secondary",2018,2023,2021,0,0,NA,"ceftozolane plus tazobactam"
"935","Germany","UM DRESDEN","secondary",2018,2023,2017,NA,0,NA,"cytarabine liposomal"
"936","Germany","UM DRESDEN","secondary",2018,2023,2017,NA,0,NA,"ganirelix"
"937","Germany","UM DRESDEN","secondary",2018,2023,2022,0,0,NA,"sarilumab"
"938","Germany","UM DRESDEN","secondary",2018,2023,2023,0,0,NA,"tenecteplase"
"939","Germany","UM DRESDEN","secondary",2018,2023,2015,NA,5.21822622054311e-05,NA,"tigecycline"
"940","Germany","UM DRESDEN","secondary",2018,2023,2015,NA,5.21822622054311e-05,NA,"tigecycline"
"941","Germany","UM DRESDEN","secondary",2018,2023,2022,0,0,NA,"varenicline"
"942","Germany","UM DRESDEN","secondary",2018,2023,2022,0,0,NA,"verteporfin"
"943","Belgium","UZA","secondary",2018,2023,2023,0,0,NA,"amoxicillin plus clavulanate"
"944","Belgium","UZA","secondary",2018,2023,2023,0,0,NA,"amoxicillin plus clavulanate"
"945","Belgium","UZA","secondary",2018,2023,2018,NA,0,NA,"arsenic trioxide"
"946","Belgium","UZA","secondary",2018,2023,2017,NA,0,NA,"belatacept"
"947","Belgium","UZA","secondary",2018,2023,2018,NA,2.04444626173001e-05,NA,"c1 esterase inhibitor"
"948","Belgium","UZA","secondary",2018,2023,2021,0,0,NA,"ceftozolane plus tazobactam"
"949","Belgium","UZA","secondary",2018,2023,2021,0,0,NA,"ceftozolane plus tazobactam"
"950","Belgium","UZA","secondary",2018,2023,2017,NA,0,NA,"cytarabine liposomal"
"951","Belgium","UZA","secondary",2018,2023,2017,NA,0,NA,"ganirelix"
"952","Belgium","UZA","secondary",2018,2023,2022,0,0,NA,"sarilumab"
"953","Belgium","UZA","secondary",2018,2023,2023,0,0,NA,"tenecteplase"
"954","Belgium","UZA","secondary",2018,2023,2015,NA,0,NA,"tigecycline"
"955","Belgium","UZA","secondary",2018,2023,2015,NA,0,NA,"tigecycline"
"956","Belgium","UZA","secondary",2018,2023,2022,0,0,NA,"varenicline"
"957","Belgium","UZA","secondary",2018,2023,2022,0,0,NA,"verteporfin"
"958","Spain","VID CONSIGN","EHR P+S",2018,2021,2023,1.20965425057383e-06,NA,NA,"alteplase"
"959","Spain","VID CONSIGN","EHR P+S",2018,2021,2023,0.00484946483101168,NA,NA,"amoxicillin"
"960","Spain","VID CONSIGN","EHR P+S",2018,2021,2023,0.00484946483101168,NA,NA,"amoxicillin"
"961","Spain","VID CONSIGN","EHR P+S",2018,2021,2023,0.0541022013669214,NA,NA,"amoxicillin plus clavulanate"
"962","Spain","VID CONSIGN","EHR P+S",2018,2021,2023,0.0541022013669214,NA,NA,"amoxicillin plus clavulanate"
"963","Spain","VID CONSIGN","EHR P+S",2018,2021,2018,NA,0,NA,"arsenic trioxide"
"964","Spain","VID CONSIGN","EHR P+S",2018,2021,2017,NA,0,NA,"belatacept"
"965","Spain","VID CONSIGN","EHR P+S",2018,2021,2018,NA,0,NA,"c1 esterase inhibitor"
"966","Spain","VID CONSIGN","EHR P+S",2018,2021,2021,0,0,NA,"ceftozolane plus tazobactam"
"967","Spain","VID CONSIGN","EHR P+S",2018,2021,2021,0,0,NA,"ceftozolane plus tazobactam"
"968","Spain","VID CONSIGN","EHR P+S",2018,2021,2017,NA,0,NA,"cytarabine liposomal"
"969","Spain","VID CONSIGN","EHR P+S",2018,2021,2017,NA,0,NA,"ganirelix"
"970","Spain","VID CONSIGN","EHR P+S",2018,2021,2022,1.95025519793543e-05,NA,NA,"sarilumab"
"971","Spain","VID CONSIGN","EHR P+S",2018,2021,2023,0,NA,NA,"tenecteplase"
"972","Spain","VID CONSIGN","EHR P+S",2018,2021,2015,NA,0,NA,"tigecycline"
"973","Spain","VID CONSIGN","EHR P+S",2018,2021,2015,NA,0,NA,"tigecycline"
"974","Spain","VID CONSIGN","EHR P+S",2018,2021,2022,0,NA,NA,"varenicline"
"975","Spain","VID CONSIGN","EHR P+S",2018,2021,2022,0,NA,NA,"verteporfin"
"976","Netherlands","Viecuri","secondary",2018,2023,2023,0,0,NA,"alteplase"
"977","Netherlands","Viecuri","secondary",2018,2023,2018,NA,0,NA,"arsenic trioxide"
"978","Netherlands","Viecuri","secondary",2018,2023,2017,NA,0,NA,"belatacept"
"979","Netherlands","Viecuri","secondary",2018,2023,2021,0,0,NA,"ceftozolane plus tazobactam"
"980","Netherlands","Viecuri","secondary",2018,2023,2021,0,0,NA,"ceftozolane plus tazobactam"
"981","Netherlands","Viecuri","secondary",2018,2023,2017,NA,0,NA,"cytarabine liposomal"
"982","Netherlands","Viecuri","secondary",2018,2023,2017,NA,0,NA,"ganirelix"
"983","Netherlands","Viecuri","secondary",2018,2023,2022,0,0,NA,"sarilumab"
"984","Netherlands","Viecuri","secondary",2018,2023,2023,0,0,NA,"tenecteplase"
"985","Netherlands","Viecuri","secondary",2018,2023,2015,NA,0,NA,"tigecycline"
"986","Netherlands","Viecuri","secondary",2018,2023,2015,NA,0,NA,"tigecycline"
"987","Netherlands","Viecuri","secondary",2018,2023,2022,0,0,NA,"varenicline"
"988","Netherlands","Viecuri","secondary",2018,2023,2022,0,0,NA,"verteporfin"
